Kasur_Lipat; Lipat_Travel_Mattress                                        ; Kasur Lipat Travel Mattress                                               ; Kasur Lipat Travel Mattress                                               ; 80 x 200 x 12    ; Kasur_Lipat; Kasur_Lipat                                            ; Kasur Travel Mattress Lipat 3
Kasur      ; INTHEBOX_Flip_Z_90x200                                       ; INTHEBOX Flip Z 90 X 200                                                  ; INTHEBOX Flip Z 90 X 200                                                  ; 90 x 200 x 12 cm ; Kasur      ; Flip_Z                                                 ; Single Size
Kasur      ; INTHEBOX_Flip_Z_100x200                                      ; INTHEBOX Flip Z 100 X 200                                                 ; INTHEBOX Flip Z 100 X 200                                                 ; 100 x 200 x 12 cm; Kasur      ; Flip_Z                                                 ; Super Single Size
Kasur      ; INTHEBOX_Flip_Z_120x200                                      ; INTHEBOX Flip Z 120 X 200                                                 ; INTHEBOX Flip Z 120 X 200                                                 ; 120 x 200 x 12 cm; Kasur      ; Flip_Z                                                 ; Full Size
Kasur      ; INTHEBOX_Flip_Z_140x200                                      ; INTHEBOX Flip Z 140 X 200                                                 ; INTHEBOX Flip Z 140 X 200                                                 ; 140 x 200 x 12 cm; Kasur      ; Flip_Z                                                 ; Custom Size
Kasur      ; INTHEBOX_Flip_Z_160x200                                      ; INTHEBOX Flip Z 160 X 200                                                 ; INTHEBOX Flip Z 160 X 200                                                 ; 160 x 200 x 12 cm; Kasur      ; Flip_Z                                                 ; Queen Size
Kasur      ; INTHEBOX_Flip_Z_180x200                                      ; INTHEBOX Flip Z 180 X 200                                                 ; INTHEBOX Flip Z 180 X 200                                                 ; 180 x 200 x 12 cm; Kasur      ; Flip_Z                                                 ; King Size
Kasur      ; INTHEBOX_Flip_Z_200x200                                      ; INTHEBOX Flip Z 200 X 200                                                 ; INTHEBOX Flip Z 200 X 200                                                 ; 200 x 200 x 12 cm; Kasur      ; Flip_Z                                                 ; Super King Size
Kasur      ; INTHEBOX_X_90x200                                            ; INTHEBOX X 90 X 200                                                       ; INTHEBOX X 90 X 200                                                       ; 90 x 200 x 27 cm ; Kasur      ; X                                                      ; Single Size
Kasur      ; INTHEBOX_X_100x200                                           ; INTHEBOX X 100 X 200                                                      ; INTHEBOX X 100 X 200                                                      ; 100 x 200 x 27 cm; Kasur      ; X                                                      ; Super Single Size
Kasur      ; INTHEBOX_X_120x200                                           ; INTHEBOX X 120 X 200                                                      ; INTHEBOX X 120 X 200                                                      ; 120 x 200 x 27 cm; Kasur      ; X                                                      ; Full Size
Kasur      ; INTHEBOX_X_140x200                                           ; INTHEBOX X 140 X 200                                                      ; INTHEBOX X 140 X 200                                                      ; 140 x 200 x 27 cm; Kasur      ; X                                                      ; Custom Size
Kasur      ; INTHEBOX_X_160x200                                           ; INTHEBOX X 160 X 200                                                      ; INTHEBOX X 160 X 200                                                      ; 160 x 200 x 27 cm; Kasur      ; X                                                      ; Queen Size
Kasur      ; INTHEBOX_X_180x200                                           ; INTHEBOX X 180 X 200                                                      ; INTHEBOX X 180 X 200                                                      ; 180 x 200 x 27 cm; Kasur      ; X                                                      ; King Size
Kasur      ; INTHEBOX_X_200x200                                           ; INTHEBOX X 200 X 200                                                      ; INTHEBOX X 200 X 200                                                      ; 200 x 200 x 27 cm; Kasur      ; X                                                      ; Super King Size
Kasur      ; INTHEBOX_Alpha_90x200                                        ; INTHEBOX Alpha 90 X 200                                                   ; INTHEBOX Alpha 90 X 200                                                   ; 90 x 200 x 21 cm ; Kasur      ; Alpha                                                  ; Single Size
Kasur      ; INTHEBOX_Alpha_100x200                                       ; INTHEBOX Alpha 100 X 200                                                  ; INTHEBOX Alpha 100 X 200                                                  ; 100 x 200 x 21 cm; Kasur      ; Alpha                                                  ; Super Single Size
Kasur      ; INTHEBOX_Alpha_120x200                                       ; INTHEBOX Alpha 120 X 200                                                  ; INTHEBOX Alpha 120 X 200                                                  ; 120 x 200 x 21 cm; Kasur      ; Alpha                                                  ; Full Size
Kasur      ; INTHEBOX_Alpha_140x200                                       ; INTHEBOX Alpha 140 X 200                                                  ; INTHEBOX Alpha 140 X 200                                                  ; 140 x 200 x 21 cm; Kasur      ; Alpha                                                  ; Custom Size
Kasur      ; INTHEBOX_Alpha_160x200                                       ; INTHEBOX Alpha 160 X 200                                                  ; INTHEBOX Alpha 160 X 200                                                  ; 160 x 200 x 21 cm; Kasur      ; Alpha                                                  ; Queen Size
Kasur      ; INTHEBOX_Alpha_180x200                                       ; INTHEBOX Alpha 180 X 200                                                  ; INTHEBOX Alpha 180 X 200                                                  ; 180 x 200 x 21 cm; Kasur      ; Alpha                                                  ; King Size
Kasur      ; INTHEBOX_Alpha_200x200                                       ; INTHEBOX Alpha 200 X 200                                                  ; INTHEBOX Alpha 200 X 200                                                  ; 200 x 200 x 21 cm; Kasur      ; Alpha                                                  ; Super King Size
Kasur      ; INTHEBOX_Pro_90x200                                          ; INTHEBOX Pro 90 X 200                                                     ; INTHEBOX Pro 90 X 200                                                     ; 90 x 200 x 24 cm ; Kasur      ; Pro                                                    ; Single Size
Kasur      ; INTHEBOX_Pro_100x200                                         ; INTHEBOX Pro 100 X 200                                                    ; INTHEBOX Pro 100 X 200                                                    ; 100 x 200 x 24 cm; Kasur      ; Pro                                                    ; Super Single Size
Kasur      ; INTHEBOX_Pro_120x200                                         ; INTHEBOX Pro 120 X 200                                                    ; INTHEBOX Pro 120 X 200                                                    ; 120 x 200 x 24 cm; Kasur      ; Pro                                                    ; Full Size
Kasur      ; INTHEBOX_Pro_140x200                                         ; INTHEBOX Pro 140 X 200                                                    ; INTHEBOX Pro 140 X 200                                                    ; 140 x 200 x 24 cm; Kasur      ; Pro                                                    ; Custom Size
Kasur      ; INTHEBOX_Pro_160x200                                         ; INTHEBOX Pro 160 X 200                                                    ; INTHEBOX Pro 160 X 200                                                    ; 160 x 200 x 24 cm; Kasur      ; Pro                                                    ; Queen Size
Kasur      ; INTHEBOX_Pro_180x200                                         ; INTHEBOX Pro 180 X 200                                                    ; INTHEBOX Pro 180 X 200                                                    ; 180 x 200 x 24 cm; Kasur      ; Pro                                                    ; King Size
Kasur      ; INTHEBOX_Pro_200x200                                         ; INTHEBOX Pro 200 X 200                                                    ; INTHEBOX Pro 200 X 200                                                    ; 200 x 200 x 24 cm; Kasur      ; Pro                                                    ; Super King Size
Kasur      ; INTHEBOX_Space_Jam_A_New_Legancy_Collection_90x200           ; INTHEBOX Space Jam : A New Legancy Collection 90 X 200                    ; INTHEBOX Space Jam : A New Legancy Collection 90 X 200                    ; 90 x 200 x 23 cm ; Kasur      ; Space Jam : A New Legancy Collection                   ; Single Size
Kasur      ; INTHEBOX_Space_Jam_A_New_Legancy_Collection_100x200          ; INTHEBOX Space Jam : A New Legancy Collection 100 X 200                   ; INTHEBOX Space Jam : A New Legancy Collection 100 X 200                   ; 100 x 200 x 23 cm; Kasur      ; Space Jam : A New Legancy Collection                   ; Super Single Size
Kasur      ; INTHEBOX_Space_Jam_A_New_Legancy_Collection_120x200          ; INTHEBOX Space Jam : A New Legancy Collection 120 X 200                   ; INTHEBOX Space Jam : A New Legancy Collection 120 X 200                   ; 120 x 200 x 23 cm; Kasur      ; Space Jam : A New Legancy Collection                   ; Full Size
Kasur      ; INTHEBOX_Space_Jam_A_New_Legancy_Collection_140x200          ; INTHEBOX Space Jam : A New Legancy Collection 140 X 200                   ; INTHEBOX Space Jam : A New Legancy Collection 140 X 200                   ; 140 x 200 x 23 cm; Kasur      ; Space Jam : A New Legancy Collection                   ; Custom Size
Kasur      ; INTHEBOX_Space_Jam_A_New_Legancy_Collection_160x200          ; INTHEBOX Space Jam : A New Legancy Collection 160 X 200                   ; INTHEBOX Space Jam : A New Legancy Collection 160 X 200                   ; 160 x 200 x 23 cm; Kasur      ; Space Jam : A New Legancy Collection                   ; Queen Size
Kasur      ; INTHEBOX_Space_Jam_A_New_Legancy_Collection_180x200          ; INTHEBOX Space Jam : A New Legancy Collection 180 X 200                   ; INTHEBOX Space Jam : A New Legancy Collection 180 X 200                   ; 180 x 200 x 23 cm; Kasur      ; Space Jam : A New Legancy Collection                   ; King Size
Kasur      ; INTHEBOX_Space_Jam_A_New_Legancy_Collection_200x200          ; INTHEBOX Space Jam : A New Legancy Collection 200 X 200                   ; INTHEBOX Space Jam : A New Legancy Collection 200 X 200                   ; 200 x 200 x 23 cm; Kasur      ; Space Jam : A New Legancy Collection                   ; Super King Size
Kasur      ; INTHEBOX_Space_Jam_A_New_Legancy_Collection_Plush_Top_90x200 ; INTHEBOX INTHEBOX Space Jam : A New Legancy Collection Plush Top 90 X 200 ; INTHEBOX INTHEBOX Space Jam : A New Legancy Collection Plush Top 90 X 200 ; 90 x 200 x 27 cm ; Kasur      ; INTHEBOX Space Jam : A New Legancy Collection Plush Top; Single Size
Kasur      ; INTHEBOX_Space_Jam_A_New_Legancy_Collection_Plush_Top_100x200; INTHEBOX INTHEBOX Space Jam : A New Legancy Collection Plush Top 100 X 200; INTHEBOX INTHEBOX Space Jam : A New Legancy Collection Plush Top 100 X 200; 100 x 200 x 27 cm; Kasur      ; INTHEBOX Space Jam : A New Legancy Collection Plush Top; Super Single Size
Kasur      ; INTHEBOX_Space_Jam_A_New_Legancy_Collection_Plush_Top_120x200; INTHEBOX INTHEBOX Space Jam : A New Legancy Collection Plush Top 120 X 200; INTHEBOX INTHEBOX Space Jam : A New Legancy Collection Plush Top 120 X 200; 120 x 200 x 27 cm; Kasur      ; INTHEBOX Space Jam : A New Legancy Collection Plush Top; Full Size
Kasur      ; INTHEBOX_Space_Jam_A_New_Legancy_Collection_Plush_Top_140x200; INTHEBOX INTHEBOX Space Jam : A New Legancy Collection Plush Top 140 X 200; INTHEBOX INTHEBOX Space Jam : A New Legancy Collection Plush Top 140 X 200; 140 x 200 x 27 cm; Kasur      ; INTHEBOX Space Jam : A New Legancy Collection Plush Top; Custom Size
Kasur      ; INTHEBOX_Space_Jam_A_New_Legancy_Collection_Plush_Top_160x200; INTHEBOX INTHEBOX Space Jam : A New Legancy Collection Plush Top 160 X 200; INTHEBOX INTHEBOX Space Jam : A New Legancy Collection Plush Top 160 X 200; 160 x 200 x 27 cm; Kasur      ; INTHEBOX Space Jam : A New Legancy Collection Plush Top; Queen Size
Kasur      ; INTHEBOX_Space_Jam_A_New_Legancy_Collection_Plush_Top_180x200; INTHEBOX INTHEBOX Space Jam : A New Legancy Collection Plush Top 180 X 200; INTHEBOX INTHEBOX Space Jam : A New Legancy Collection Plush Top 180 X 200; 180 x 200 x 27 cm; Kasur      ; INTHEBOX Space Jam : A New Legancy Collection Plush Top; King Size
Kasur      ; INTHEBOX_Space_Jam_A_New_Legancy_Collection_Plush_Top_200x200; INTHEBOX INTHEBOX Space Jam : A New Legancy Collection Plush Top 200 X 200; INTHEBOX INTHEBOX Space Jam : A New Legancy Collection Plush Top 200 X 200; 200 x 200 x 27 cm; Kasur      ; INTHEBOX Space Jam : A New Legancy Collection Plush Top; Super King Size
Kasur      ; INTHEBOX_Dash_90x200                                         ; INTHEBOX Dash 90 X 200                                                    ; INTHEBOX Dash 90 X 200                                                    ; 90 x 200 x 27 cm ; Kasur      ; Dash                                                   ; Single Size
Kasur      ; INTHEBOX_Dash_100x200                                        ; INTHEBOX Dash 100 X 200                                                   ; INTHEBOX Dash 100 X 200                                                   ; 100 x 200 x 27 cm; Kasur      ; Dash                                                   ; Super Single Size
Kasur      ; INTHEBOX_Dash_120x200                                        ; INTHEBOX Dash 120 X 200                                                   ; INTHEBOX Dash 120 X 200                                                   ; 120 x 200 x 27 cm; Kasur      ; Dash                                                   ; Full Size
Kasur      ; INTHEBOX_Dash_140x200                                        ; INTHEBOX Dash 140 X 200                                                   ; INTHEBOX Dash 140 X 200                                                   ; 140 x 200 x 27 cm; Kasur      ; Dash                                                   ; Custom Size
Kasur      ; INTHEBOX_Dash_160x200                                        ; INTHEBOX Dash 160 X 200                                                   ; INTHEBOX Dash 160 X 200                                                   ; 160 x 200 x 27 cm; Kasur      ; Dash                                                   ; Queen Size
Kasur      ; INTHEBOX_Dash_180x200                                        ; INTHEBOX Dash 180 X 200                                                   ; INTHEBOX Dash 180 X 200                                                   ; 180 x 200 x 27 cm; Kasur      ; Dash                                                   ; King Size
Kasur      ; INTHEBOX_Dash_200x200                                        ; INTHEBOX Dash 200 X 200                                                   ; INTHEBOX Dash 200 X 200                                                   ; 200 x 200 x 27 cm; Kasur      ; Dash                                                   ; Super King Size
Kasur      ; INTHEBOX_101_90x200                                          ; INTHEBOX 101 90 X 200                                                     ; INTHEBOX 101 90 X 200                                                     ; 90 x 200 x 24 cm ; Kasur      ; 101                                                    ; Single Size
Kasur      ; INTHEBOX_101_100x200                                         ; INTHEBOX 101 100 X 200                                                    ; INTHEBOX 101 100 X 200                                                    ; 100 x 200 x 24 cm; Kasur      ; 101                                                    ; Super Single Size
Kasur      ; INTHEBOX_101_120x200                                         ; INTHEBOX 101 120 X 200                                                    ; INTHEBOX 101 120 X 200                                                    ; 120 x 200 x 24 cm; Kasur      ; 101                                                    ; Full Size
Kasur      ; INTHEBOX_101_140x200                                         ; INTHEBOX 101 140 X 200                                                    ; INTHEBOX 101 140 X 200                                                    ; 140 x 200 x 24 cm; Kasur      ; 101                                                    ; Custom Size
Kasur      ; INTHEBOX_101_160x200                                         ; INTHEBOX 101 160 X 200                                                    ; INTHEBOX 101 160 X 200                                                    ; 160 x 200 x 24 cm; Kasur      ; 101                                                    ; Queen Size
Kasur      ; INTHEBOX_101_180x200                                         ; INTHEBOX 101 180 X 200                                                    ; INTHEBOX 101 180 X 200                                                    ; 180 x 200 x 24 cm; Kasur      ; 101                                                    ; King Size
Kasur      ; INTHEBOX_101_200x200                                         ; INTHEBOX 101 200 X 200                                                    ; INTHEBOX 101 200 X 200                                                    ; 200 x 200 x 24 cm; Kasur      ; 101                                                    ; Super King Size
Kasur      ; INTHEBOX_Hybrid_90x200                                       ; INTHEBOX Hybrid 90 X 200                                                  ; INTHEBOX Hybrid 90 X 200                                                  ; 90 x 200 x 20 cm ; Kasur      ; Hybrid                                                 ; Single Size
Kasur      ; INTHEBOX_Hybrid_100x200                                      ; INTHEBOX Hybrid 100 X 200                                                 ; INTHEBOX Hybrid 100 X 200                                                 ; 100 x 200 x 20 cm; Kasur      ; Hybrid                                                 ; Super Single Size
Kasur      ; INTHEBOX_Hybrid_120x200                                      ; INTHEBOX Hybrid 120 X 200                                                 ; INTHEBOX Hybrid 120 X 200                                                 ; 120 x 200 x 20 cm; Kasur      ; Hybrid                                                 ; Full Size
Kasur      ; INTHEBOX_Hybrid_140x200                                      ; INTHEBOX Hybrid 140 X 200                                                 ; INTHEBOX Hybrid 140 X 200                                                 ; 140 x 200 x 20 cm; Kasur      ; Hybrid                                                 ; Custom Size
Kasur      ; INTHEBOX_Hybrid_160x200                                      ; INTHEBOX Hybrid 160 X 200                                                 ; INTHEBOX Hybrid 160 X 200                                                 ; 160 x 200 x 20 cm; Kasur      ; Hybrid                                                 ; Queen Size
Kasur      ; INTHEBOX_Hybrid_180x200                                      ; INTHEBOX Hybrid 180 X 200                                                 ; INTHEBOX Hybrid 180 X 200                                                 ; 180 x 200 x 20 cm; Kasur      ; Hybrid                                                 ; King Size
Kasur      ; INTHEBOX_Hybrid_200x200                                      ; INTHEBOX Hybrid 200 X 200                                                 ; INTHEBOX Hybrid 200 X 200                                                 ; 200 x 200 x 20 cm; Kasur      ; Hybrid                                                 ; Super King Size
Kasur      ; INTHEBOX_Hybrid_15_90x200                                    ; INTHEBOX Hybrid 15 90 X 200                                               ; INTHEBOX Hybrid 15 90 X 200                                               ; 90 x 200 x 24 cm ; Kasur      ; Hybrid 15                                              ; Single Size
Kasur      ; INTHEBOX_Hybrid_15_100x200                                   ; INTHEBOX Hybrid 15 100 X 200                                              ; INTHEBOX Hybrid 15 100 X 200                                              ; 100 x 200 x 15 cm; Kasur      ; Hybrid 15                                              ; Super Single Size
Kasur      ; INTHEBOX_Hybrid_15_120x200                                   ; INTHEBOX Hybrid 15 120 X 200                                              ; INTHEBOX Hybrid 15 120 X 200                                              ; 120 x 200 x 15 cm; Kasur      ; Hybrid 15                                              ; Full Size
Kasur      ; INTHEBOX_Hybrid_15_140x200                                   ; INTHEBOX Hybrid 15 140 X 200                                              ; INTHEBOX Hybrid 15 140 X 200                                              ; 140 x 200 x 15 cm; Kasur      ; Hybrid 15                                              ; Custom Size
Kasur      ; INTHEBOX_Hybrid_15_160x200                                   ; INTHEBOX Hybrid 15 160 X 200                                              ; INTHEBOX Hybrid 15 160 X 200                                              ; 160 x 200 x 15 cm; Kasur      ; Hybrid 15                                              ; Queen Size
Kasur      ; INTHEBOX_Hybrid_15_180x200                                   ; INTHEBOX Hybrid 15 180 X 200                                              ; INTHEBOX Hybrid 15 180 X 200                                              ; 180 x 200 x 15 cm; Kasur      ; Hybrid 15                                              ; King Size
Kasur      ; INTHEBOX_Hybrid_15_200x200                                   ; INTHEBOX Hybrid 15 200 X 200                                              ; INTHEBOX Hybrid 15 200 X 200                                              ; 200 x 200 x 15 cm; Kasur      ; Hybrid 15                                              ; Super King Size
Kasur      ; Kasur_INTHEBOX_90x200                                        ; Kasur INTHEBOX 90 X 200                                                   ; Kasur INTHEBOX 90 X 200                                                   ; 90 x 200 x 23 cm ; Kasur      ; Kasur                                                  ; Single Size
Kasur      ; Kasur_INTHEBOX_100x200                                       ; Kasur INTHEBOX 100 X 200                                                  ; Kasur INTHEBOX 100 X 200                                                  ; 100 x 200 x 23 cm; Kasur      ; Kasur                                                  ; Super Single Size
Kasur      ; Kasur_INTHEBOX_120x200                                       ; Kasur INTHEBOX 120 X 200                                                  ; Kasur INTHEBOX 120 X 200                                                  ; 120 x 200 x 23 cm; Kasur      ; Kasur                                                  ; Full Size
Kasur      ; Kasur_INTHEBOX_140x200                                       ; Kasur INTHEBOX 140 X 200                                                  ; Kasur INTHEBOX 140 X 200                                                  ; 140 x 200 x 23 cm; Kasur      ; Kasur                                                  ; Custom Size
Kasur      ; Kasur_INTHEBOX_160x200                                       ; Kasur INTHEBOX 160 X 200                                                  ; Kasur INTHEBOX 160 X 200                                                  ; 160 x 200 x 23 cm; Kasur      ; Kasur                                                  ; Queen Size
Kasur      ; Kasur_INTHEBOX_180x200                                       ; Kasur INTHEBOX 180 X 200                                                  ; Kasur INTHEBOX 180 X 200                                                  ; 180 x 200 x 23 cm; Kasur      ; Kasur                                                  ; King Size
Kasur      ; Kasur_INTHEBOX_200x200                                       ; Kasur INTHEBOX 200 X 200                                                  ; Kasur INTHEBOX 200 X 200                                                  ; 200 x 200 x 23 cm; Kasur      ; Kasur                                                  ; Super King Size
Kasur      ; INTHEBOX_Plus_90x200                                         ; INTHEBOX Plus 90 X 200                                                    ; INTHEBOX Plus 90 X 200                                                    ; 90 x 200 x 28 cm ; Kasur      ; Plus                                                   ; Single Size
Kasur      ; INTHEBOX_Plus_100x200                                        ; INTHEBOX Plus 100 X 200                                                   ; INTHEBOX Plus 100 X 200                                                   ; 100 x 200 x 28 cm; Kasur      ; Plus                                                   ; Super Single Size
Kasur      ; INTHEBOX_Plus_120x200                                        ; INTHEBOX Plus 120 X 200                                                   ; INTHEBOX Plus 120 X 200                                                   ; 120 x 200 x 28 cm; Kasur      ; Plus                                                   ; Full Size
Kasur      ; INTHEBOX_Plus_140x200                                        ; INTHEBOX Plus 140 X 200                                                   ; INTHEBOX Plus 140 X 200                                                   ; 140 x 200 x 28 cm; Kasur      ; Plus                                                   ; Custom Size
Kasur      ; INTHEBOX_Plus_160x200                                        ; INTHEBOX Plus 160 X 200                                                   ; INTHEBOX Plus 160 X 200                                                   ; 160 x 200 x 28 cm; Kasur      ; Plus                                                   ; Queen Size
Kasur      ; INTHEBOX_Plus_180x200                                        ; INTHEBOX Plus 180 X 200                                                   ; INTHEBOX Plus 180 X 200                                                   ; 180 x 200 x 28 cm; Kasur      ; Plus                                                   ; King Size
Kasur      ; INTHEBOX_Plus_200x200                                        ; INTHEBOX Plus 200 X 200                                                   ; INTHEBOX Plus 200 X 200                                                   ; 200 x 200 x 28 cm; Kasur      ; Plus                                                   ; Super King Size
Kasur      ; INTHEBOX_Organix_Hybrid_90x200                               ; INTHEBOX Organix Hybrid 90 X 200                                          ; INTHEBOX Organix Hybrid 90 X 200                                          ; 90 x 200 x 28 cm ; Kasur      ; Organix Hybrid                                         ; Single Size
Kasur      ; INTHEBOX_Organix_Hybrid_120x200                              ; INTHEBOX Organix Hybrid 120 X 200                                         ; INTHEBOX Organix Hybrid 120 X 200                                         ; 120 x 200 x 28 cm; Kasur      ; Organix Hybrid                                         ; Super Single Size
Kasur      ; INTHEBOX_Organix_Hybrid_140x200                              ; INTHEBOX Organix Hybrid 140 X 200                                         ; INTHEBOX Organix Hybrid 140 X 200                                         ; 140 x 200 x 28 cm; Kasur      ; Organix Hybrid                                         ; Full Size
Kasur      ; INTHEBOX_Organix_Hybrid_100x200                              ; INTHEBOX Organix Hybrid 100 X 200                                         ; INTHEBOX Organix Hybrid 100 X 200                                         ; 100 x 200 x 28 cm; Kasur      ; Organix Hybrid                                         ; Custom Size
Kasur      ; INTHEBOX_Organix_Hybrid_160x200                              ; INTHEBOX Organix Hybrid 160 X 200                                         ; INTHEBOX Organix Hybrid 160 X 200                                         ; 160 x 200 x 28 cm; Kasur      ; Organix Hybrid                                         ; Queen Size
Kasur      ; INTHEBOX_Organix_Hybrid_180x200                              ; INTHEBOX Organix Hybrid 180 X 200                                         ; INTHEBOX Organix Hybrid 180 X 200                                         ; 180 x 200 x 28 cm; Kasur      ; Organix Hybrid                                         ; King Size
Kasur      ; INTHEBOX_Organix_Hybrid_200x200                              ; INTHEBOX Organix Hybrid 200 X 200                                         ; INTHEBOX Organix Hybrid 200 X 200                                         ; 200 x 200 x 28 cm; Kasur      ; Organix Hybrid                                         ; Super King Size
Kasur      ; INTHEBOX_Organix_Lite_90x200                                 ; INTHEBOX Organix Lite 90 X 200                                            ; INTHEBOX Organix Lite 90 X 200                                            ; 90 x 200 x 28 cm ; Kasur      ; Organix Lite                                           ; Single Size
Kasur      ; INTHEBOX_Organix_Lite_100x200                                ; INTHEBOX Organix Lite 100 X 200                                           ; INTHEBOX Organix Lite 100 X 200                                           ; 100 x 200 x 28 cm; Kasur      ; Organix Lite                                           ; Super Single Size
Kasur      ; INTHEBOX_Organix_Lite_120x200                                ; INTHEBOX Organix Lite 120 X 200                                           ; INTHEBOX Organix Lite 120 X 200                                           ; 120 x 200 x 28 cm; Kasur      ; Organix Lite                                           ; Full Size
Kasur      ; INTHEBOX_Organix_Lite_140x200                                ; INTHEBOX Organix Lite 140 X 200                                           ; INTHEBOX Organix Lite 140 X 200                                           ; 140 x 200 x 28 cm; Kasur      ; Organix Lite                                           ; Custom Size
Kasur      ; INTHEBOX_Organix_Lite_160x200                                ; INTHEBOX Organix Lite 160 X 200                                           ; INTHEBOX Organix Lite 160 X 200                                           ; 160 x 200 x 28 cm; Kasur      ; Organix Lite                                           ; Queen Size
Kasur      ; INTHEBOX_Organix_Lite_180x200                                ; INTHEBOX Organix Lite 180 X 200                                           ; INTHEBOX Organix Lite 180 X 200                                           ; 180 x 200 x 28 cm; Kasur      ; Organix Lite                                           ; King Size
Kasur      ; INTHEBOX_Organix_Lite_200x200                                ; INTHEBOX Organix Lite 200 X 200                                           ; INTHEBOX Organix Lite 200 X 200                                           ; 200 x 200 x 28 cm; Kasur      ; Organix Lite                                           ; Super King Size
Kasur      ; INTHEBOX_Organix_Plush_90x200                                ; INTHEBOX Organix Plush 90 X 200                                           ; INTHEBOX Organix Plush 90 X 200                                           ; 90 x 200 x 32 cm ; Kasur      ; Organix Plush                                          ; Single Size
Kasur      ; INTHEBOX_Organix_Plush_100x200                               ; INTHEBOX Organix Plush 100 X 200                                          ; INTHEBOX Organix Plush 100 X 200                                          ; 100 x 200 x 32 cm; Kasur      ; Organix Plush                                          ; Super Single Size
Kasur      ; INTHEBOX_Organix_Plush_120x200                               ; INTHEBOX Organix Plush 120 X 200                                          ; INTHEBOX Organix Plush 120 X 200                                          ; 120 x 200 x 32 cm; Kasur      ; Organix Plush                                          ; Full Size
Kasur      ; INTHEBOX_Organix_Plush_140x200                               ; INTHEBOX Organix Plush 140 X 200                                          ; INTHEBOX Organix Plush 140 X 200                                          ; 140 x 200 x 32 cm; Kasur      ; Organix Plush                                          ; Custom Size
Kasur      ; INTHEBOX_Organix_Plush_160x200                               ; INTHEBOX Organix Plush 160 X 200                                          ; INTHEBOX Organix Plush 160 X 200                                          ; 160 x 200 x 32 cm; Kasur      ; Organix Plush                                          ; Queen Size
Kasur      ; INTHEBOX_Organix_Plush_180x200                               ; INTHEBOX Organix Plush 180 X 200                                          ; INTHEBOX Organix Plush 180 X 200                                          ; 180 x 200 x 32 cm; Kasur      ; Organix Plush                                          ; King Size
Kasur      ; INTHEBOX_Organix_Plush_200x200                               ; INTHEBOX Organix Plush 200 X 200                                          ; INTHEBOX Organix Plush 200 X 200                                          ; 200 x 200 x 32 cm; Kasur      ; Organix Plush                                          ; Super King Size