1200Wx1200H; media-shofaBlack-picture                 ; $siteResource/images/product/Shofa_Hitam.jpg
515Wx515H  ; media-shofaBlack-thumbnail               ; $siteResource/images/product/Shofa_Hitam.jpg
300Wx300H  ; media-shofaBlack-detail                  ; $siteResource/images/product/Shofa_Hitam.jpg
96Wx96H    ; media-shofaBlack-other                   ; $siteResource/images/product/Shofa_Hitam.jpg
65Wx65H    ; media-shofaBlack-normal                  ; $siteResource/images/product/Shofa_Hitam.jpg
30Wx30H    ; media-shofaBlack-thumbnails              ; $siteResource/images/product/Shofa_Hitam.jpg
1200Wx1200H; media-shofaWhite-picture                 ; $siteResource/images/product/shofa.jpg
515Wx515H  ; media-shofaWhite-thumbnail               ; $siteResource/images/product/shofa.jpg
300Wx300H  ; media-shofaWhite-detail                  ; $siteResource/images/product/shofa.jpg
96Wx96H    ; media-shofaWhite-other                   ; $siteResource/images/product/shofa.jpg
65Wx65H    ; media-shofaWhite-normal                  ; $siteResource/images/product/shofa.jpg
30Wx30H    ; media-shofaWhite-thumbnails              ; $siteResource/images/product/shofa.jpg
1200Wx1200H; media-kasur_lipat-picture                ; $siteResource/images/product/kasur_lipat.jpg
515Wx515H  ; media-kasur_lipat-thumbnail              ; $siteResource/images/product/kasur_lipat.jpg
300Wx300H  ; media-kasur_lipat-detail                 ; $siteResource/images/product/kasur_lipat.jpg
96Wx96H    ; media-kasur_lipat-other                  ; $siteResource/images/product/kasur_lipat.jpg
65Wx65H    ; media-kasur_lipat-normal                 ; $siteResource/images/product/kasur_lipat.jpg
30Wx30H    ; media-kasur_lipat-thumbnails             ; $siteResource/images/product/kasur_lipat.jpg
1200Wx1200H; media-flipz90-picture                    ; $siteResource/images/product/intheboxKasur/flipz/inthebox-flipz-90x200.jpg
515Wx515H  ; media-flipz90-thumbnail                  ; $siteResource/images/product/intheboxKasur/flipz/inthebox-flipz-90x200.jpg
300Wx300H  ; media-flipz90-detail                     ; $siteResource/images/product/intheboxKasur/flipz/inthebox-flipz-90x200.jpg
96Wx96H    ; media-flipz90-other                      ; $siteResource/images/product/intheboxKasur/flipz/inthebox-flipz-90x200.jpg
65Wx65H    ; media-flipz90-normal                     ; $siteResource/images/product/intheboxKasur/flipz/inthebox-flipz-90x200.jpg
30Wx30H    ; media-flipz90-thumbnails                 ; $siteResource/images/product/intheboxKasur/flipz/inthebox-flipz-90x200.jpg
1200Wx1200H; media-flipz100-picture                   ; $siteResource/images/product/intheboxKasur/flipz/inthebox-flipz-100x200.jpg
515Wx515H  ; media-flipz100-thumbnail                 ; $siteResource/images/product/intheboxKasur/flipz/inthebox-flipz-100x200.jpg
300Wx300H  ; media-flipz100-detail                    ; $siteResource/images/product/intheboxKasur/flipz/inthebox-flipz-100x200.jpg
96Wx96H    ; media-flipz100-other                     ; $siteResource/images/product/intheboxKasur/flipz/inthebox-flipz-100x200.jpg
65Wx65H    ; media-flipz100-normal                    ; $siteResource/images/product/intheboxKasur/flipz/inthebox-flipz-100x200.jpg
30Wx30H    ; media-flipz100-thumbnails                ; $siteResource/images/product/intheboxKasur/flipz/inthebox-flipz-100x200.jpg
1200Wx1200H; media-flipz120-picture                   ; $siteResource/images/product/intheboxKasur/flipz/inthebox-flipz-120x200.jpg
515Wx515H  ; media-flipz120-thumbnail                 ; $siteResource/images/product/intheboxKasur/flipz/inthebox-flipz-120x200.jpg
300Wx300H  ; media-flipz120-detail                    ; $siteResource/images/product/intheboxKasur/flipz/inthebox-flipz-120x200.jpg
96Wx96H    ; media-flipz120-other                     ; $siteResource/images/product/intheboxKasur/flipz/inthebox-flipz-120x200.jpg
65Wx65H    ; media-flipz120-normal                    ; $siteResource/images/product/intheboxKasur/flipz/inthebox-flipz-120x200.jpg
30Wx30H    ; media-flipz120-thumbnails                ; $siteResource/images/product/intheboxKasur/flipz/inthebox-flipz-120x200.jpg
1200Wx1200H; media-flipz140-picture                   ; $siteResource/images/product/intheboxKasur/flipz/inthebox-flipz-140x200.jpg
515Wx515H  ; media-flipz140-thumbnail                 ; $siteResource/images/product/intheboxKasur/flipz/inthebox-flipz-140x200.jpg
300Wx300H  ; media-flipz140-detail                    ; $siteResource/images/product/intheboxKasur/flipz/inthebox-flipz-140x200.jpg
96Wx96H    ; media-flipz140-other                     ; $siteResource/images/product/intheboxKasur/flipz/inthebox-flipz-140x200.jpg
65Wx65H    ; media-flipz140-normal                    ; $siteResource/images/product/intheboxKasur/flipz/inthebox-flipz-140x200.jpg
30Wx30H    ; media-flipz140-thumbnails                ; $siteResource/images/product/intheboxKasur/flipz/inthebox-flipz-140x200.jpg
1200Wx1200H; media-flipz160-picture                   ; $siteResource/images/product/intheboxKasur/flipz/inthebox-flipz-160x200.jpg
515Wx515H  ; media-flipz160-thumbnail                 ; $siteResource/images/product/intheboxKasur/flipz/inthebox-flipz-160x200.jpg
300Wx300H  ; media-flipz160-detail                    ; $siteResource/images/product/intheboxKasur/flipz/inthebox-flipz-160x200.jpg
96Wx96H    ; media-flipz160-other                     ; $siteResource/images/product/intheboxKasur/flipz/inthebox-flipz-160x200.jpg
65Wx65H    ; media-flipz160-normal                    ; $siteResource/images/product/intheboxKasur/flipz/inthebox-flipz-160x200.jpg
30Wx30H    ; media-flipz160-thumbnails                ; $siteResource/images/product/intheboxKasur/flipz/inthebox-flipz-160x200.jpg
1200Wx1200H; media-flipz180-picture                   ; $siteResource/images/product/intheboxKasur/flipz/inthebox-flipz-180x200.jpg
515Wx515H  ; media-flipz180-thumbnail                 ; $siteResource/images/product/intheboxKasur/flipz/inthebox-flipz-180x200.jpg
300Wx300H  ; media-flipz180-detail                    ; $siteResource/images/product/intheboxKasur/flipz/inthebox-flipz-180x200.jpg
96Wx96H    ; media-flipz180-other                     ; $siteResource/images/product/intheboxKasur/flipz/inthebox-flipz-180x200.jpg
65Wx65H    ; media-flipz180-normal                    ; $siteResource/images/product/intheboxKasur/flipz/inthebox-flipz-180x200.jpg
30Wx30H    ; media-flipz180-thumbnails                ; $siteResource/images/product/intheboxKasur/flipz/inthebox-flipz-180x200.jpg
1200Wx1200H; media-flipz200-picture                   ; $siteResource/images/product/intheboxKasur/flipz/inthebox-flipz-200x200.jpg
515Wx515H  ; media-flipz200-thumbnail                 ; $siteResource/images/product/intheboxKasur/flipz/inthebox-flipz-200x200.jpg
300Wx300H  ; media-flipz200-detail                    ; $siteResource/images/product/intheboxKasur/flipz/inthebox-flipz-200x200.jpg
96Wx96H    ; media-flipz200-other                     ; $siteResource/images/product/intheboxKasur/flipz/inthebox-flipz-200x200.jpg
65Wx65H    ; media-flipz200-normal                    ; $siteResource/images/product/intheboxKasur/flipz/inthebox-flipz-200x200.jpg
30Wx30H    ; media-flipz200-thumbnails                ; $siteResource/images/product/intheboxKasur/flipz/inthebox-flipz-200x200.jpg
1200Wx1200H; media-alpha90-picture                    ; $siteResource/images/product/intheboxKasur/alpha/inthebox-alpha-90x200.jpg
515Wx515H  ; media-alpha90-thumbnail                  ; $siteResource/images/product/intheboxKasur/alpha/inthebox-alpha-90x200.jpg
300Wx300H  ; media-alpha90-detail                     ; $siteResource/images/product/intheboxKasur/alpha/inthebox-alpha-90x200.jpg
96Wx96H    ; media-alpha90-other                      ; $siteResource/images/product/intheboxKasur/alpha/inthebox-alpha-90x200.jpg
65Wx65H    ; media-alpha90-normal                     ; $siteResource/images/product/intheboxKasur/alpha/inthebox-alpha-90x200.jpg
30Wx30H    ; media-alpha90-thumbnails                 ; $siteResource/images/product/intheboxKasur/alpha/inthebox-alpha-90x200.jpg
1200Wx1200H; media-alpha100-picture                   ; $siteResource/images/product/intheboxKasur/alpha/inthebox-alpha-100x200.jpg
515Wx515H  ; media-alpha100-thumbnail                 ; $siteResource/images/product/intheboxKasur/alpha/inthebox-alpha-100x200.jpg
300Wx300H  ; media-alpha100-detail                    ; $siteResource/images/product/intheboxKasur/alpha/inthebox-alpha-100x200.jpg
96Wx96H    ; media-alpha100-other                     ; $siteResource/images/product/intheboxKasur/alpha/inthebox-alpha-100x200.jpg
65Wx65H    ; media-alpha100-normal                    ; $siteResource/images/product/intheboxKasur/alpha/inthebox-alpha-100x200.jpg
30Wx30H    ; media-alpha100-thumbnails                ; $siteResource/images/product/intheboxKasur/alpha/inthebox-alpha-100x200.jpg
1200Wx1200H; media-alpha120-picture                   ; $siteResource/images/product/intheboxKasur/alpha/inthebox-alpha-120x200.jpg
515Wx515H  ; media-alpha120-thumbnail                 ; $siteResource/images/product/intheboxKasur/alpha/inthebox-alpha-120x200.jpg
300Wx300H  ; media-alpha120-detail                    ; $siteResource/images/product/intheboxKasur/alpha/inthebox-alpha-120x200.jpg
96Wx96H    ; media-alpha120-other                     ; $siteResource/images/product/intheboxKasur/alpha/inthebox-alpha-120x200.jpg
65Wx65H    ; media-alpha120-normal                    ; $siteResource/images/product/intheboxKasur/alpha/inthebox-alpha-120x200.jpg
30Wx30H    ; media-alpha120-thumbnails                ; $siteResource/images/product/intheboxKasur/alpha/inthebox-alpha-120x200.jpg
1200Wx1200H; media-alpha140-picture                   ; $siteResource/images/product/intheboxKasur/alpha/inthebox-alpha-140x200.jpg
515Wx515H  ; media-alpha140-thumbnail                 ; $siteResource/images/product/intheboxKasur/alpha/inthebox-alpha-140x200.jpg
300Wx300H  ; media-alpha140-detail                    ; $siteResource/images/product/intheboxKasur/alpha/inthebox-alpha-140x200.jpg
96Wx96H    ; media-alpha140-other                     ; $siteResource/images/product/intheboxKasur/alpha/inthebox-alpha-140x200.jpg
65Wx65H    ; media-alpha140-normal                    ; $siteResource/images/product/intheboxKasur/alpha/inthebox-alpha-140x200.jpg
30Wx30H    ; media-alpha140-thumbnails                ; $siteResource/images/product/intheboxKasur/alpha/inthebox-alpha-140x200.jpg
1200Wx1200H; media-alpha160-picture                   ; $siteResource/images/product/intheboxKasur/alpha/inthebox-alpha-160x200.jpg
515Wx515H  ; media-alpha160-thumbnail                 ; $siteResource/images/product/intheboxKasur/alpha/inthebox-alpha-160x200.jpg
300Wx300H  ; media-alpha160-detail                    ; $siteResource/images/product/intheboxKasur/alpha/inthebox-alpha-160x200.jpg
96Wx96H    ; media-alpha160-other                     ; $siteResource/images/product/intheboxKasur/alpha/inthebox-alpha-160x200.jpg
65Wx65H    ; media-alpha160-normal                    ; $siteResource/images/product/intheboxKasur/alpha/inthebox-alpha-160x200.jpg
30Wx30H    ; media-alpha160-thumbnails                ; $siteResource/images/product/intheboxKasur/alpha/inthebox-alpha-160x200.jpg
1200Wx1200H; media-alpha180-picture                   ; $siteResource/images/product/intheboxKasur/alpha/inthebox-alpha-180x200.jpg
515Wx515H  ; media-alpha180-thumbnail                 ; $siteResource/images/product/intheboxKasur/alpha/inthebox-alpha-180x200.jpg
300Wx300H  ; media-alpha180-detail                    ; $siteResource/images/product/intheboxKasur/alpha/inthebox-alpha-180x200.jpg
96Wx96H    ; media-alpha180-other                     ; $siteResource/images/product/intheboxKasur/alpha/inthebox-alpha-180x200.jpg
65Wx65H    ; media-alpha180-normal                    ; $siteResource/images/product/intheboxKasur/alpha/inthebox-alpha-180x200.jpg
30Wx30H    ; media-alpha180-thumbnails                ; $siteResource/images/product/intheboxKasur/alpha/inthebox-alpha-180x200.jpg
1200Wx1200H; media-alpha200-picture                   ; $siteResource/images/product/intheboxKasur/alpha/inthebox-alpha-200x200.jpg
515Wx515H  ; media-alpha200-thumbnail                 ; $siteResource/images/product/intheboxKasur/alpha/inthebox-alpha-200x200.jpg
300Wx300H  ; media-alpha200-detail                    ; $siteResource/images/product/intheboxKasur/alpha/inthebox-alpha-200x200.jpg
96Wx96H    ; media-alpha200-other                     ; $siteResource/images/product/intheboxKasur/alpha/inthebox-alpha-200x200.jpg
65Wx65H    ; media-alpha200-normal                    ; $siteResource/images/product/intheboxKasur/alpha/inthebox-alpha-200x200.jpg
30Wx30H    ; media-alpha200-thumbnails                ; $siteResource/images/product/intheboxKasur/alpha/inthebox-alpha-200x200.jpg
1200Wx1200H; media-dash90-picture                     ; $siteResource/images/product/intheboxKasur/dash/inthebox-dash-90x200.jpg
515Wx515H  ; media-dash90-thumbnail                   ; $siteResource/images/product/intheboxKasur/dash/inthebox-dash-90x200.jpg
300Wx300H  ; media-dash90-detail                      ; $siteResource/images/product/intheboxKasur/dash/inthebox-dash-90x200.jpg
96Wx96H    ; media-dash90-other                       ; $siteResource/images/product/intheboxKasur/dash/inthebox-dash-90x200.jpg
65Wx65H    ; media-dash90-normal                      ; $siteResource/images/product/intheboxKasur/dash/inthebox-dash-90x200.jpg
30Wx30H    ; media-dash90-thumbnails                  ; $siteResource/images/product/intheboxKasur/dash/inthebox-dash-90x200.jpg
1200Wx1200H; media-dash100-picture                    ; $siteResource/images/product/intheboxKasur/dash/inthebox-dash-100x200.jpg
515Wx515H  ; media-dash100-thumbnail                  ; $siteResource/images/product/intheboxKasur/dash/inthebox-dash-100x200.jpg
300Wx300H  ; media-dash100-detail                     ; $siteResource/images/product/intheboxKasur/dash/inthebox-dash-100x200.jpg
96Wx96H    ; media-dash100-other                      ; $siteResource/images/product/intheboxKasur/dash/inthebox-dash-100x200.jpg
65Wx65H    ; media-dash100-normal                     ; $siteResource/images/product/intheboxKasur/dash/inthebox-dash-100x200.jpg
30Wx30H    ; media-dash100-thumbnails                 ; $siteResource/images/product/intheboxKasur/dash/inthebox-dash-100x200.jpg
1200Wx1200H; media-dash120-picture                    ; $siteResource/images/product/intheboxKasur/dash/inthebox-dash-120x200.jpg
515Wx515H  ; media-dash120-thumbnail                  ; $siteResource/images/product/intheboxKasur/dash/inthebox-dash-120x200.jpg
300Wx300H  ; media-dash120-detail                     ; $siteResource/images/product/intheboxKasur/dash/inthebox-dash-120x200.jpg
96Wx96H    ; media-dash120-other                      ; $siteResource/images/product/intheboxKasur/dash/inthebox-dash-120x200.jpg
65Wx65H    ; media-dash120-normal                     ; $siteResource/images/product/intheboxKasur/dash/inthebox-dash-120x200.jpg
30Wx30H    ; media-dash120-thumbnails                 ; $siteResource/images/product/intheboxKasur/dash/inthebox-dash-120x200.jpg
1200Wx1200H; media-dash140-picture                    ; $siteResource/images/product/intheboxKasur/dash/inthebox-dash-140x200.jpg
515Wx515H  ; media-dash140-thumbnail                  ; $siteResource/images/product/intheboxKasur/dash/inthebox-dash-140x200.jpg
300Wx300H  ; media-dash140-detail                     ; $siteResource/images/product/intheboxKasur/dash/inthebox-dash-140x200.jpg
96Wx96H    ; media-dash140-other                      ; $siteResource/images/product/intheboxKasur/dash/inthebox-dash-140x200.jpg
65Wx65H    ; media-dash140-normal                     ; $siteResource/images/product/intheboxKasur/dash/inthebox-dash-140x200.jpg
30Wx30H    ; media-dash140-thumbnails                 ; $siteResource/images/product/intheboxKasur/dash/inthebox-dash-140x200.jpg
1200Wx1200H; media-dash160-picture                    ; $siteResource/images/product/intheboxKasur/dash/inthebox-dash-160x200.jpg
515Wx515H  ; media-dash160-thumbnail                  ; $siteResource/images/product/intheboxKasur/dash/inthebox-dash-160x200.jpg
300Wx300H  ; media-dash160-detail                     ; $siteResource/images/product/intheboxKasur/dash/inthebox-dash-160x200.jpg
96Wx96H    ; media-dash160-other                      ; $siteResource/images/product/intheboxKasur/dash/inthebox-dash-160x200.jpg
65Wx65H    ; media-dash160-normal                     ; $siteResource/images/product/intheboxKasur/dash/inthebox-dash-160x200.jpg
30Wx30H    ; media-dash160-thumbnails                 ; $siteResource/images/product/intheboxKasur/dash/inthebox-dash-160x200.jpg
1200Wx1200H; media-dash180-picture                    ; $siteResource/images/product/intheboxKasur/dash/inthebox-dash-180x200.jpg
515Wx515H  ; media-dash180-thumbnail                  ; $siteResource/images/product/intheboxKasur/dash/inthebox-dash-180x200.jpg
300Wx300H  ; media-dash180-detail                     ; $siteResource/images/product/intheboxKasur/dash/inthebox-dash-180x200.jpg
96Wx96H    ; media-dash180-other                      ; $siteResource/images/product/intheboxKasur/dash/inthebox-dash-180x200.jpg
65Wx65H    ; media-dash180-normal                     ; $siteResource/images/product/intheboxKasur/dash/inthebox-dash-180x200.jpg
30Wx30H    ; media-dash180-thumbnails                 ; $siteResource/images/product/intheboxKasur/dash/inthebox-dash-180x200.jpg
1200Wx1200H; media-dash200-picture                    ; $siteResource/images/product/intheboxKasur/dash/inthebox-dash-200x200.jpg
515Wx515H  ; media-dash200-thumbnail                  ; $siteResource/images/product/intheboxKasur/dash/inthebox-dash-200x200.jpg
300Wx300H  ; media-dash200-detail                     ; $siteResource/images/product/intheboxKasur/dash/inthebox-dash-200x200.jpg
96Wx96H    ; media-dash200-other                      ; $siteResource/images/product/intheboxKasur/dash/inthebox-dash-200x200.jpg
65Wx65H    ; media-dash200-normal                     ; $siteResource/images/product/intheboxKasur/dash/inthebox-dash-200x200.jpg
30Wx30H    ; media-dash200-thumbnails                 ; $siteResource/images/product/intheboxKasur/dash/inthebox-dash-200x200.jpg
1200Wx1200H; media-10190-picture                      ; $siteResource/images/product/intheboxKasur/101/inthebox-101-90x200.jpg
515Wx515H  ; media-10190-thumbnail                    ; $siteResource/images/product/intheboxKasur/101/inthebox-101-90x200.jpg
300Wx300H  ; media-10190-detail                       ; $siteResource/images/product/intheboxKasur/101/inthebox-101-90x200.jpg
96Wx96H    ; media-10190-other                        ; $siteResource/images/product/intheboxKasur/101/inthebox-101-90x200.jpg
65Wx65H    ; media-10190-normal                       ; $siteResource/images/product/intheboxKasur/101/inthebox-101-90x200.jpg
30Wx30H    ; media-10190-thumbnails                   ; $siteResource/images/product/intheboxKasur/101/inthebox-101-90x200.jpg
1200Wx1200H; media-101100-picture                     ; $siteResource/images/product/intheboxKasur/101/inthebox-101-100x200.jpg
515Wx515H  ; media-101100-thumbnail                   ; $siteResource/images/product/intheboxKasur/101/inthebox-101-100x200.jpg
300Wx300H  ; media-101100-detail                      ; $siteResource/images/product/intheboxKasur/101/inthebox-101-100x200.jpg
96Wx96H    ; media-101100-other                       ; $siteResource/images/product/intheboxKasur/101/inthebox-101-100x200.jpg
65Wx65H    ; media-101100-normal                      ; $siteResource/images/product/intheboxKasur/101/inthebox-101-100x200.jpg
30Wx30H    ; media-101100-thumbnails                  ; $siteResource/images/product/intheboxKasur/101/inthebox-101-100x200.jpg
1200Wx1200H; media-101120-picture                     ; $siteResource/images/product/intheboxKasur/101/inthebox-101-120x200.jpg
515Wx515H  ; media-101120-thumbnail                   ; $siteResource/images/product/intheboxKasur/101/inthebox-101-120x200.jpg
300Wx300H  ; media-101120-detail                      ; $siteResource/images/product/intheboxKasur/101/inthebox-101-120x200.jpg
96Wx96H    ; media-101120-other                       ; $siteResource/images/product/intheboxKasur/101/inthebox-101-120x200.jpg
65Wx65H    ; media-101120-normal                      ; $siteResource/images/product/intheboxKasur/101/inthebox-101-120x200.jpg
30Wx30H    ; media-101120-thumbnails                  ; $siteResource/images/product/intheboxKasur/101/inthebox-101-120x200.jpg
1200Wx1200H; media-101140-picture                     ; $siteResource/images/product/intheboxKasur/101/inthebox-101-140x200.jpg
515Wx515H  ; media-101140-thumbnail                   ; $siteResource/images/product/intheboxKasur/101/inthebox-101-140x200.jpg
300Wx300H  ; media-101140-detail                      ; $siteResource/images/product/intheboxKasur/101/inthebox-101-140x200.jpg
96Wx96H    ; media-101140-other                       ; $siteResource/images/product/intheboxKasur/101/inthebox-101-140x200.jpg
65Wx65H    ; media-101140-normal                      ; $siteResource/images/product/intheboxKasur/101/inthebox-101-140x200.jpg
30Wx30H    ; media-101140-thumbnails                  ; $siteResource/images/product/intheboxKasur/101/inthebox-101-140x200.jpg
1200Wx1200H; media-101160-picture                     ; $siteResource/images/product/intheboxKasur/101/inthebox-101-160x200.jpg
515Wx515H  ; media-101160-thumbnail                   ; $siteResource/images/product/intheboxKasur/101/inthebox-101-160x200.jpg
300Wx300H  ; media-101160-detail                      ; $siteResource/images/product/intheboxKasur/101/inthebox-101-160x200.jpg
96Wx96H    ; media-101160-other                       ; $siteResource/images/product/intheboxKasur/101/inthebox-101-160x200.jpg
65Wx65H    ; media-101160-normal                      ; $siteResource/images/product/intheboxKasur/101/inthebox-101-160x200.jpg
30Wx30H    ; media-101160-thumbnails                  ; $siteResource/images/product/intheboxKasur/101/inthebox-101-160x200.jpg
1200Wx1200H; media-101180-picture                     ; $siteResource/images/product/intheboxKasur/101/inthebox-101-180x200.jpg
515Wx515H  ; media-101180-thumbnail                   ; $siteResource/images/product/intheboxKasur/101/inthebox-101-180x200.jpg
300Wx300H  ; media-101180-detail                      ; $siteResource/images/product/intheboxKasur/101/inthebox-101-180x200.jpg
96Wx96H    ; media-101180-other                       ; $siteResource/images/product/intheboxKasur/101/inthebox-101-180x200.jpg
65Wx65H    ; media-101180-normal                      ; $siteResource/images/product/intheboxKasur/101/inthebox-101-180x200.jpg
30Wx30H    ; media-101180-thumbnails                  ; $siteResource/images/product/intheboxKasur/101/inthebox-101-180x200.jpg
1200Wx1200H; media-101200-picture                     ; $siteResource/images/product/intheboxKasur/101/inthebox-101-200x200.jpg
515Wx515H  ; media-101200-thumbnail                   ; $siteResource/images/product/intheboxKasur/101/inthebox-101-200x200.jpg
300Wx300H  ; media-101200-detail                      ; $siteResource/images/product/intheboxKasur/101/inthebox-101-200x200.jpg
96Wx96H    ; media-101200-other                       ; $siteResource/images/product/intheboxKasur/101/inthebox-101-200x200.jpg
65Wx65H    ; media-101200-normal                      ; $siteResource/images/product/intheboxKasur/101/inthebox-101-200x200.jpg
30Wx30H    ; media-101200-thumbnails                  ; $siteResource/images/product/intheboxKasur/101/inthebox-101-200x200.jpg
1200Wx1200H; media-x90-picture                        ; $siteResource/images/product/intheboxKasur/x/inthebox-x-90x200.jpg
515Wx515H  ; media-x90-thumbnail                      ; $siteResource/images/product/intheboxKasur/x/inthebox-x-90x200.jpg
300Wx300H  ; media-x90-detail                         ; $siteResource/images/product/intheboxKasur/x/inthebox-x-90x200.jpg
96Wx96H    ; media-x90-other                          ; $siteResource/images/product/intheboxKasur/x/inthebox-x-90x200.jpg
65Wx65H    ; media-x90-normal                         ; $siteResource/images/product/intheboxKasur/x/inthebox-x-90x200.jpg
30Wx30H    ; media-x90-thumbnails                     ; $siteResource/images/product/intheboxKasur/x/inthebox-x-90x200.jpg
1200Wx1200H; media-x100-picture                       ; $siteResource/images/product/intheboxKasur/x/inthebox-x-100x200.jpg
515Wx515H  ; media-x100-thumbnail                     ; $siteResource/images/product/intheboxKasur/x/inthebox-x-100x200.jpg
300Wx300H  ; media-x100-detail                        ; $siteResource/images/product/intheboxKasur/x/inthebox-x-100x200.jpg
96Wx96H    ; media-x100-other                         ; $siteResource/images/product/intheboxKasur/x/inthebox-x-100x200.jpg
65Wx65H    ; media-x100-normal                        ; $siteResource/images/product/intheboxKasur/x/inthebox-x-100x200.jpg
30Wx30H    ; media-x100-thumbnails                    ; $siteResource/images/product/intheboxKasur/x/inthebox-x-100x200.jpg
1200Wx1200H; media-x120-picture                       ; $siteResource/images/product/intheboxKasur/x/inthebox-x-120x200.jpg
515Wx515H  ; media-x120-thumbnail                     ; $siteResource/images/product/intheboxKasur/x/inthebox-x-120x200.jpg
300Wx300H  ; media-x120-detail                        ; $siteResource/images/product/intheboxKasur/x/inthebox-x-120x200.jpg
96Wx96H    ; media-x120-other                         ; $siteResource/images/product/intheboxKasur/x/inthebox-x-120x200.jpg
65Wx65H    ; media-x120-normal                        ; $siteResource/images/product/intheboxKasur/x/inthebox-x-120x200.jpg
30Wx30H    ; media-x120-thumbnails                    ; $siteResource/images/product/intheboxKasur/x/inthebox-x-120x200.jpg
1200Wx1200H; media-x140-picture                       ; $siteResource/images/product/intheboxKasur/x/inthebox-x-140x200.jpg
515Wx515H  ; media-x140-thumbnail                     ; $siteResource/images/product/intheboxKasur/x/inthebox-x-140x200.jpg
300Wx300H  ; media-x140-detail                        ; $siteResource/images/product/intheboxKasur/x/inthebox-x-140x200.jpg
96Wx96H    ; media-x140-other                         ; $siteResource/images/product/intheboxKasur/x/inthebox-x-140x200.jpg
65Wx65H    ; media-x140-normal                        ; $siteResource/images/product/intheboxKasur/x/inthebox-x-140x200.jpg
30Wx30H    ; media-x140-thumbnails                    ; $siteResource/images/product/intheboxKasur/x/inthebox-x-140x200.jpg
1200Wx1200H; media-x160-picture                       ; $siteResource/images/product/intheboxKasur/x/inthebox-x-160x200.jpg
515Wx515H  ; media-x160-thumbnail                     ; $siteResource/images/product/intheboxKasur/x/inthebox-x-160x200.jpg
300Wx300H  ; media-x160-detail                        ; $siteResource/images/product/intheboxKasur/x/inthebox-x-160x200.jpg
96Wx96H    ; media-x160-other                         ; $siteResource/images/product/intheboxKasur/x/inthebox-x-160x200.jpg
65Wx65H    ; media-x160-normal                        ; $siteResource/images/product/intheboxKasur/x/inthebox-x-160x200.jpg
30Wx30H    ; media-x160-thumbnails                    ; $siteResource/images/product/intheboxKasur/x/inthebox-x-160x200.jpg
1200Wx1200H; media-x180-picture                       ; $siteResource/images/product/intheboxKasur/x/inthebox-x-180x200.jpg
515Wx515H  ; media-x180-thumbnail                     ; $siteResource/images/product/intheboxKasur/x/inthebox-x-180x200.jpg
300Wx300H  ; media-x180-detail                        ; $siteResource/images/product/intheboxKasur/x/inthebox-x-180x200.jpg
96Wx96H    ; media-x180-other                         ; $siteResource/images/product/intheboxKasur/x/inthebox-x-180x200.jpg
65Wx65H    ; media-x180-normal                        ; $siteResource/images/product/intheboxKasur/x/inthebox-x-180x200.jpg
30Wx30H    ; media-x180-thumbnails                    ; $siteResource/images/product/intheboxKasur/x/inthebox-x-180x200.jpg
1200Wx1200H; media-x200-picture                       ; $siteResource/images/product/intheboxKasur/x/inthebox-x-200x200.jpg
515Wx515H  ; media-x200-thumbnail                     ; $siteResource/images/product/intheboxKasur/x/inthebox-x-200x200.jpg
300Wx300H  ; media-x200-detail                        ; $siteResource/images/product/intheboxKasur/x/inthebox-x-200x200.jpg
96Wx96H    ; media-x200-other                         ; $siteResource/images/product/intheboxKasur/x/inthebox-x-200x200.jpg
65Wx65H    ; media-x200-normal                        ; $siteResource/images/product/intheboxKasur/x/inthebox-x-200x200.jpg
30Wx30H    ; media-x200-thumbnails                    ; $siteResource/images/product/intheboxKasur/x/inthebox-x-200x200.jpg
1200Wx1200H; media-pro90-picture                      ; $siteResource/images/product/intheboxKasur/pro/inthebox-pro-90x200.jpg
515Wx515H  ; media-pro90-thumbnail                    ; $siteResource/images/product/intheboxKasur/pro/inthebox-pro-90x200.jpg
300Wx300H  ; media-pro90-detail                       ; $siteResource/images/product/intheboxKasur/pro/inthebox-pro-90x200.jpg
96Wx96H    ; media-pro90-other                        ; $siteResource/images/product/intheboxKasur/pro/inthebox-pro-90x200.jpg
65Wx65H    ; media-pro90-normal                       ; $siteResource/images/product/intheboxKasur/pro/inthebox-pro-90x200.jpg
30Wx30H    ; media-pro90-thumbnails                   ; $siteResource/images/product/intheboxKasur/pro/inthebox-pro-90x200.jpg
1200Wx1200H; media-pro100-picture                     ; $siteResource/images/product/intheboxKasur/pro/inthebox-pro-100x200.jpg
515Wx515H  ; media-pro100-thumbnail                   ; $siteResource/images/product/intheboxKasur/pro/inthebox-pro-100x200.jpg
300Wx300H  ; media-pro100-detail                      ; $siteResource/images/product/intheboxKasur/pro/inthebox-pro-100x200.jpg
96Wx96H    ; media-pro100-other                       ; $siteResource/images/product/intheboxKasur/pro/inthebox-pro-100x200.jpg
65Wx65H    ; media-pro100-normal                      ; $siteResource/images/product/intheboxKasur/pro/inthebox-pro-100x200.jpg
30Wx30H    ; media-pro100-thumbnails                  ; $siteResource/images/product/intheboxKasur/pro/inthebox-pro-100x200.jpg
1200Wx1200H; media-pro120-picture                     ; $siteResource/images/product/intheboxKasur/pro/inthebox-pro-120x200.jpg
515Wx515H  ; media-pro120-thumbnail                   ; $siteResource/images/product/intheboxKasur/pro/inthebox-pro-120x200.jpg
300Wx300H  ; media-pro120-detail                      ; $siteResource/images/product/intheboxKasur/pro/inthebox-pro-120x200.jpg
96Wx96H    ; media-pro120-other                       ; $siteResource/images/product/intheboxKasur/pro/inthebox-pro-120x200.jpg
65Wx65H    ; media-pro120-normal                      ; $siteResource/images/product/intheboxKasur/pro/inthebox-pro-120x200.jpg
30Wx30H    ; media-pro120-thumbnails                  ; $siteResource/images/product/intheboxKasur/pro/inthebox-pro-120x200.jpg
1200Wx1200H; media-pro140-picture                     ; $siteResource/images/product/intheboxKasur/pro/inthebox-pro-140x200.jpg
515Wx515H  ; media-pro140-thumbnail                   ; $siteResource/images/product/intheboxKasur/pro/inthebox-pro-140x200.jpg
300Wx300H  ; media-pro140-detail                      ; $siteResource/images/product/intheboxKasur/pro/inthebox-pro-140x200.jpg
96Wx96H    ; media-pro140-other                       ; $siteResource/images/product/intheboxKasur/pro/inthebox-pro-140x200.jpg
65Wx65H    ; media-pro140-normal                      ; $siteResource/images/product/intheboxKasur/pro/inthebox-pro-140x200.jpg
30Wx30H    ; media-pro140-thumbnails                  ; $siteResource/images/product/intheboxKasur/pro/inthebox-pro-140x200.jpg
1200Wx1200H; media-pro160-picture                     ; $siteResource/images/product/intheboxKasur/pro/inthebox-pro-160x200.jpg
515Wx515H  ; media-pro160-thumbnail                   ; $siteResource/images/product/intheboxKasur/pro/inthebox-pro-160x200.jpg
300Wx300H  ; media-pro160-detail                      ; $siteResource/images/product/intheboxKasur/pro/inthebox-pro-160x200.jpg
96Wx96H    ; media-pro160-other                       ; $siteResource/images/product/intheboxKasur/pro/inthebox-pro-160x200.jpg
65Wx65H    ; media-pro160-normal                      ; $siteResource/images/product/intheboxKasur/pro/inthebox-pro-160x200.jpg
30Wx30H    ; media-pro160-thumbnails                  ; $siteResource/images/product/intheboxKasur/pro/inthebox-pro-160x200.jpg
1200Wx1200H; media-pro180-picture                     ; $siteResource/images/product/intheboxKasur/pro/inthebox-pro-180x200.jpg
515Wx515H  ; media-pro180-thumbnail                   ; $siteResource/images/product/intheboxKasur/pro/inthebox-pro-180x200.jpg
300Wx300H  ; media-pro180-detail                      ; $siteResource/images/product/intheboxKasur/pro/inthebox-pro-180x200.jpg
96Wx96H    ; media-pro180-other                       ; $siteResource/images/product/intheboxKasur/pro/inthebox-pro-180x200.jpg
65Wx65H    ; media-pro180-normal                      ; $siteResource/images/product/intheboxKasur/pro/inthebox-pro-180x200.jpg
30Wx30H    ; media-pro180-thumbnails                  ; $siteResource/images/product/intheboxKasur/pro/inthebox-pro-180x200.jpg
1200Wx1200H; media-pro200-picture                     ; $siteResource/images/product/intheboxKasur/pro/inthebox-pro-200x200.jpg
515Wx515H  ; media-pro200-thumbnail                   ; $siteResource/images/product/intheboxKasur/pro/inthebox-pro-200x200.jpg
300Wx300H  ; media-pro200-detail                      ; $siteResource/images/product/intheboxKasur/pro/inthebox-pro-200x200.jpg
96Wx96H    ; media-pro200-other                       ; $siteResource/images/product/intheboxKasur/pro/inthebox-pro-200x200.jpg
65Wx65H    ; media-pro200-normal                      ; $siteResource/images/product/intheboxKasur/pro/inthebox-pro-200x200.jpg
30Wx30H    ; media-pro200-thumbnails                  ; $siteResource/images/product/intheboxKasur/pro/inthebox-pro-200x200.jpg
1200Wx1200H; media-hybrid90-picture                   ; $siteResource/images/product/intheboxKasur/hybrid/inthebox-hybrid-90x200.jpg
515Wx515H  ; media-hybrid90-thumbnail                 ; $siteResource/images/product/intheboxKasur/hybrid/inthebox-hybrid-90x200.jpg
300Wx300H  ; media-hybrid90-detail                    ; $siteResource/images/product/intheboxKasur/hybrid/inthebox-hybrid-90x200.jpg
96Wx96H    ; media-hybrid90-other                     ; $siteResource/images/product/intheboxKasur/hybrid/inthebox-hybrid-90x200.jpg
65Wx65H    ; media-hybrid90-normal                    ; $siteResource/images/product/intheboxKasur/hybrid/inthebox-hybrid-90x200.jpg
30Wx30H    ; media-hybrid90-thumbnails                ; $siteResource/images/product/intheboxKasur/hybrid/inthebox-hybrid-90x200.jpg
1200Wx1200H; media-hybrid100-picture                  ; $siteResource/images/product/intheboxKasur/hybrid/inthebox-hybrid-100x200.jpg
515Wx515H  ; media-hybrid100-thumbnail                ; $siteResource/images/product/intheboxKasur/hybrid/inthebox-hybrid-100x200.jpg
300Wx300H  ; media-hybrid100-detail                   ; $siteResource/images/product/intheboxKasur/hybrid/inthebox-hybrid-100x200.jpg
96Wx96H    ; media-hybrid100-other                    ; $siteResource/images/product/intheboxKasur/hybrid/inthebox-hybrid-100x200.jpg
65Wx65H    ; media-hybrid100-normal                   ; $siteResource/images/product/intheboxKasur/hybrid/inthebox-hybrid-100x200.jpg
30Wx30H    ; media-hybrid100-thumbnails               ; $siteResource/images/product/intheboxKasur/hybrid/inthebox-hybrid-100x200.jpg
1200Wx1200H; media-hybrid120-picture                  ; $siteResource/images/product/intheboxKasur/hybrid/inthebox-hybrid-120x200.jpg
515Wx515H  ; media-hybrid120-thumbnail                ; $siteResource/images/product/intheboxKasur/hybrid/inthebox-hybrid-120x200.jpg
300Wx300H  ; media-hybrid120-detail                   ; $siteResource/images/product/intheboxKasur/hybrid/inthebox-hybrid-120x200.jpg
96Wx96H    ; media-hybrid120-other                    ; $siteResource/images/product/intheboxKasur/hybrid/inthebox-hybrid-120x200.jpg
65Wx65H    ; media-hybrid120-normal                   ; $siteResource/images/product/intheboxKasur/hybrid/inthebox-hybrid-120x200.jpg
30Wx30H    ; media-hybrid120-thumbnails               ; $siteResource/images/product/intheboxKasur/hybrid/inthebox-hybrid-120x200.jpg
1200Wx1200H; media-hybrid140-picture                  ; $siteResource/images/product/intheboxKasur/hybrid/inthebox-hybrid-140x200.jpg
515Wx515H  ; media-hybrid140-thumbnail                ; $siteResource/images/product/intheboxKasur/hybrid/inthebox-hybrid-140x200.jpg
300Wx300H  ; media-hybrid140-detail                   ; $siteResource/images/product/intheboxKasur/hybrid/inthebox-hybrid-140x200.jpg
96Wx96H    ; media-hybrid140-other                    ; $siteResource/images/product/intheboxKasur/hybrid/inthebox-hybrid-140x200.jpg
65Wx65H    ; media-hybrid140-normal                   ; $siteResource/images/product/intheboxKasur/hybrid/inthebox-hybrid-140x200.jpg
30Wx30H    ; media-hybrid140-thumbnails               ; $siteResource/images/product/intheboxKasur/hybrid/inthebox-hybrid-140x200.jpg
1200Wx1200H; media-hybrid160-picture                  ; $siteResource/images/product/intheboxKasur/hybrid/inthebox-hybrid-160x200.jpg
515Wx515H  ; media-hybrid160-thumbnail                ; $siteResource/images/product/intheboxKasur/hybrid/inthebox-hybrid-160x200.jpg
300Wx300H  ; media-hybrid160-detail                   ; $siteResource/images/product/intheboxKasur/hybrid/inthebox-hybrid-160x200.jpg
96Wx96H    ; media-hybrid160-other                    ; $siteResource/images/product/intheboxKasur/hybrid/inthebox-hybrid-160x200.jpg
65Wx65H    ; media-hybrid160-normal                   ; $siteResource/images/product/intheboxKasur/hybrid/inthebox-hybrid-160x200.jpg
30Wx30H    ; media-hybrid160-thumbnails               ; $siteResource/images/product/intheboxKasur/hybrid/inthebox-hybrid-160x200.jpg
1200Wx1200H; media-hybrid180-picture                  ; $siteResource/images/product/intheboxKasur/hybrid/inthebox-hybrid-180x200.jpg
515Wx515H  ; media-hybrid180-thumbnail                ; $siteResource/images/product/intheboxKasur/hybrid/inthebox-hybrid-180x200.jpg
300Wx300H  ; media-hybrid180-detail                   ; $siteResource/images/product/intheboxKasur/hybrid/inthebox-hybrid-180x200.jpg
96Wx96H    ; media-hybrid180-other                    ; $siteResource/images/product/intheboxKasur/hybrid/inthebox-hybrid-180x200.jpg
65Wx65H    ; media-hybrid180-normal                   ; $siteResource/images/product/intheboxKasur/hybrid/inthebox-hybrid-180x200.jpg
30Wx30H    ; media-hybrid180-thumbnails               ; $siteResource/images/product/intheboxKasur/hybrid/inthebox-hybrid-180x200.jpg
1200Wx1200H; media-hybrid200-picture                  ; $siteResource/images/product/intheboxKasur/hybrid/inthebox-hybrid-200x200.jpg
515Wx515H  ; media-hybrid200-thumbnail                ; $siteResource/images/product/intheboxKasur/hybrid/inthebox-hybrid-200x200.jpg
300Wx300H  ; media-hybrid200-detail                   ; $siteResource/images/product/intheboxKasur/hybrid/inthebox-hybrid-200x200.jpg
96Wx96H    ; media-hybrid200-other                    ; $siteResource/images/product/intheboxKasur/hybrid/inthebox-hybrid-200x200.jpg
65Wx65H    ; media-hybrid200-normal                   ; $siteResource/images/product/intheboxKasur/hybrid/inthebox-hybrid-200x200.jpg
30Wx30H    ; media-hybrid200-thumbnails               ; $siteResource/images/product/intheboxKasur/hybrid/inthebox-hybrid-200x200.jpg
1200Wx1200H; media-hybrid1590-picture                 ; $siteResource/images/product/intheboxKasur/hybrid15/inthebox-hybrid15-90x200.jpg
515Wx515H  ; media-hybrid1590-thumbnail               ; $siteResource/images/product/intheboxKasur/hybrid15/inthebox-hybrid15-90x200.jpg
300Wx300H  ; media-hybrid1590-detail                  ; $siteResource/images/product/intheboxKasur/hybrid15/inthebox-hybrid15-90x200.jpg
96Wx96H    ; media-hybrid1590-other                   ; $siteResource/images/product/intheboxKasur/hybrid15/inthebox-hybrid15-90x200.jpg
65Wx65H    ; media-hybrid1590-normal                  ; $siteResource/images/product/intheboxKasur/hybrid15/inthebox-hybrid15-90x200.jpg
30Wx30H    ; media-hybrid1590-thumbnails              ; $siteResource/images/product/intheboxKasur/hybrid15/inthebox-hybrid15-90x200.jpg
1200Wx1200H; media-hybrid15100-picture                ; $siteResource/images/product/intheboxKasur/hybrid15/inthebox-hybrid15-100x200.jpg
515Wx515H  ; media-hybrid15100-thumbnail              ; $siteResource/images/product/intheboxKasur/hybrid15/inthebox-hybrid15-100x200.jpg
300Wx300H  ; media-hybrid15100-detail                 ; $siteResource/images/product/intheboxKasur/hybrid15/inthebox-hybrid15-100x200.jpg
96Wx96H    ; media-hybrid15100-other                  ; $siteResource/images/product/intheboxKasur/hybrid15/inthebox-hybrid15-100x200.jpg
65Wx65H    ; media-hybrid15100-normal                 ; $siteResource/images/product/intheboxKasur/hybrid15/inthebox-hybrid15-100x200.jpg
30Wx30H    ; media-hybrid15100-thumbnails             ; $siteResource/images/product/intheboxKasur/hybrid15/inthebox-hybrid15-100x200.jpg
1200Wx1200H; media-hybrid15120-picture                ; $siteResource/images/product/intheboxKasur/hybrid15/inthebox-hybrid15-120x200.jpg
515Wx515H  ; media-hybrid15120-thumbnail              ; $siteResource/images/product/intheboxKasur/hybrid15/inthebox-hybrid15-120x200.jpg
300Wx300H  ; media-hybrid15120-detail                 ; $siteResource/images/product/intheboxKasur/hybrid15/inthebox-hybrid15-120x200.jpg
96Wx96H    ; media-hybrid15120-other                  ; $siteResource/images/product/intheboxKasur/hybrid15/inthebox-hybrid15-120x200.jpg
65Wx65H    ; media-hybrid15120-normal                 ; $siteResource/images/product/intheboxKasur/hybrid15/inthebox-hybrid15-120x200.jpg
30Wx30H    ; media-hybrid15120-thumbnails             ; $siteResource/images/product/intheboxKasur/hybrid15/inthebox-hybrid15-120x200.jpg
1200Wx1200H; media-hybrid15140-picture                ; $siteResource/images/product/intheboxKasur/hybrid15/inthebox-hybrid15-140x200.jpg
515Wx515H  ; media-hybrid15140-thumbnail              ; $siteResource/images/product/intheboxKasur/hybrid15/inthebox-hybrid15-140x200.jpg
300Wx300H  ; media-hybrid15140-detail                 ; $siteResource/images/product/intheboxKasur/hybrid15/inthebox-hybrid15-140x200.jpg
96Wx96H    ; media-hybrid15140-other                  ; $siteResource/images/product/intheboxKasur/hybrid15/inthebox-hybrid15-140x200.jpg
65Wx65H    ; media-hybrid15140-normal                 ; $siteResource/images/product/intheboxKasur/hybrid15/inthebox-hybrid15-140x200.jpg
30Wx30H    ; media-hybrid15140-thumbnails             ; $siteResource/images/product/intheboxKasur/hybrid15/inthebox-hybrid15-140x200.jpg
1200Wx1200H; media-hybrid15160-picture                ; $siteResource/images/product/intheboxKasur/hybrid15/inthebox-hybrid15-160x200.jpg
515Wx515H  ; media-hybrid15160-thumbnail              ; $siteResource/images/product/intheboxKasur/hybrid15/inthebox-hybrid15-160x200.jpg
300Wx300H  ; media-hybrid15160-detail                 ; $siteResource/images/product/intheboxKasur/hybrid15/inthebox-hybrid15-160x200.jpg
96Wx96H    ; media-hybrid15160-other                  ; $siteResource/images/product/intheboxKasur/hybrid15/inthebox-hybrid15-160x200.jpg
65Wx65H    ; media-hybrid15160-normal                 ; $siteResource/images/product/intheboxKasur/hybrid15/inthebox-hybrid15-160x200.jpg
30Wx30H    ; media-hybrid15160-thumbnails             ; $siteResource/images/product/intheboxKasur/hybrid15/inthebox-hybrid15-160x200.jpg
1200Wx1200H; media-hybrid15180-picture                ; $siteResource/images/product/intheboxKasur/hybrid15/inthebox-hybrid15-180x200.jpg
515Wx515H  ; media-hybrid15180-thumbnail              ; $siteResource/images/product/intheboxKasur/hybrid15/inthebox-hybrid15-180x200.jpg
300Wx300H  ; media-hybrid15180-detail                 ; $siteResource/images/product/intheboxKasur/hybrid15/inthebox-hybrid15-180x200.jpg
96Wx96H    ; media-hybrid15180-other                  ; $siteResource/images/product/intheboxKasur/hybrid15/inthebox-hybrid15-180x200.jpg
65Wx65H    ; media-hybrid15180-normal                 ; $siteResource/images/product/intheboxKasur/hybrid15/inthebox-hybrid15-180x200.jpg
30Wx30H    ; media-hybrid15180-thumbnails             ; $siteResource/images/product/intheboxKasur/hybrid15/inthebox-hybrid15-180x200.jpg
1200Wx1200H; media-hybrid15200-picture                ; $siteResource/images/product/intheboxKasur/hybrid15/inthebox-hybrid15-200x200.jpg
515Wx515H  ; media-hybrid15200-thumbnail              ; $siteResource/images/product/intheboxKasur/hybrid15/inthebox-hybrid15-200x200.jpg
300Wx300H  ; media-hybrid15200-detail                 ; $siteResource/images/product/intheboxKasur/hybrid15/inthebox-hybrid15-200x200.jpg
96Wx96H    ; media-hybrid15200-other                  ; $siteResource/images/product/intheboxKasur/hybrid15/inthebox-hybrid15-200x200.jpg
65Wx65H    ; media-hybrid15200-normal                 ; $siteResource/images/product/intheboxKasur/hybrid15/inthebox-hybrid15-200x200.jpg
30Wx30H    ; media-hybrid15200-thumbnails             ; $siteResource/images/product/intheboxKasur/hybrid15/inthebox-hybrid15-200x200.jpg
1200Wx1200H; media-kasur90-picture                    ; $siteResource/images/product/intheboxKasur/kasur/inthebox-kasur-90x200.jpg
515Wx515H  ; media-kasur90-thumbnail                  ; $siteResource/images/product/intheboxKasur/kasur/inthebox-kasur-90x200.jpg
300Wx300H  ; media-kasur90-detail                     ; $siteResource/images/product/intheboxKasur/kasur/inthebox-kasur-90x200.jpg
96Wx96H    ; media-kasur90-other                      ; $siteResource/images/product/intheboxKasur/kasur/inthebox-kasur-90x200.jpg
65Wx65H    ; media-kasur90-normal                     ; $siteResource/images/product/intheboxKasur/kasur/inthebox-kasur-90x200.jpg
30Wx30H    ; media-kasur90-thumbnails                 ; $siteResource/images/product/intheboxKasur/kasur/inthebox-kasur-90x200.jpg
1200Wx1200H; media-kasur100-picture                   ; $siteResource/images/product/intheboxKasur/kasur/inthebox-kasur-100x200.jpg
515Wx515H  ; media-kasur100-thumbnail                 ; $siteResource/images/product/intheboxKasur/kasur/inthebox-kasur-100x200.jpg
300Wx300H  ; media-kasur100-detail                    ; $siteResource/images/product/intheboxKasur/kasur/inthebox-kasur-100x200.jpg
96Wx96H    ; media-kasur100-other                     ; $siteResource/images/product/intheboxKasur/kasur/inthebox-kasur-100x200.jpg
65Wx65H    ; media-kasur100-normal                    ; $siteResource/images/product/intheboxKasur/kasur/inthebox-kasur-100x200.jpg
30Wx30H    ; media-kasur100-thumbnails                ; $siteResource/images/product/intheboxKasur/kasur/inthebox-kasur-100x200.jpg
1200Wx1200H; media-kasur120-picture                   ; $siteResource/images/product/intheboxKasur/kasur/inthebox-kasur-120x200.jpg
515Wx515H  ; media-kasur120-thumbnail                 ; $siteResource/images/product/intheboxKasur/kasur/inthebox-kasur-120x200.jpg
300Wx300H  ; media-kasur120-detail                    ; $siteResource/images/product/intheboxKasur/kasur/inthebox-kasur-120x200.jpg
96Wx96H    ; media-kasur120-other                     ; $siteResource/images/product/intheboxKasur/kasur/inthebox-kasur-120x200.jpg
65Wx65H    ; media-kasur120-normal                    ; $siteResource/images/product/intheboxKasur/kasur/inthebox-kasur-120x200.jpg
30Wx30H    ; media-kasur120-thumbnails                ; $siteResource/images/product/intheboxKasur/kasur/inthebox-kasur-120x200.jpg
1200Wx1200H; media-kasur140-picture                   ; $siteResource/images/product/intheboxKasur/kasur/inthebox-kasur-140x200.jpg
515Wx515H  ; media-kasur140-thumbnail                 ; $siteResource/images/product/intheboxKasur/kasur/inthebox-kasur-140x200.jpg
300Wx300H  ; media-kasur140-detail                    ; $siteResource/images/product/intheboxKasur/kasur/inthebox-kasur-140x200.jpg
96Wx96H    ; media-kasur140-other                     ; $siteResource/images/product/intheboxKasur/kasur/inthebox-kasur-140x200.jpg
65Wx65H    ; media-kasur140-normal                    ; $siteResource/images/product/intheboxKasur/kasur/inthebox-kasur-140x200.jpg
30Wx30H    ; media-kasur140-thumbnails                ; $siteResource/images/product/intheboxKasur/kasur/inthebox-kasur-140x200.jpg
1200Wx1200H; media-kasur160-picture                   ; $siteResource/images/product/intheboxKasur/kasur/inthebox-kasur-160x200.jpg
515Wx515H  ; media-kasur160-thumbnail                 ; $siteResource/images/product/intheboxKasur/kasur/inthebox-kasur-160x200.jpg
300Wx300H  ; media-kasur160-detail                    ; $siteResource/images/product/intheboxKasur/kasur/inthebox-kasur-160x200.jpg
96Wx96H    ; media-kasur160-other                     ; $siteResource/images/product/intheboxKasur/kasur/inthebox-kasur-160x200.jpg
65Wx65H    ; media-kasur160-normal                    ; $siteResource/images/product/intheboxKasur/kasur/inthebox-kasur-160x200.jpg
30Wx30H    ; media-kasur160-thumbnails                ; $siteResource/images/product/intheboxKasur/kasur/inthebox-kasur-160x200.jpg
1200Wx1200H; media-kasur180-picture                   ; $siteResource/images/product/intheboxKasur/kasur/inthebox-kasur-180x200.jpg
515Wx515H  ; media-kasur180-thumbnail                 ; $siteResource/images/product/intheboxKasur/kasur/inthebox-kasur-180x200.jpg
300Wx300H  ; media-kasur180-detail                    ; $siteResource/images/product/intheboxKasur/kasur/inthebox-kasur-180x200.jpg
96Wx96H    ; media-kasur180-other                     ; $siteResource/images/product/intheboxKasur/kasur/inthebox-kasur-180x200.jpg
65Wx65H    ; media-kasur180-normal                    ; $siteResource/images/product/intheboxKasur/kasur/inthebox-kasur-180x200.jpg
30Wx30H    ; media-kasur180-thumbnails                ; $siteResource/images/product/intheboxKasur/kasur/inthebox-kasur-180x200.jpg
1200Wx1200H; media-kasur200-picture                   ; $siteResource/images/product/intheboxKasur/kasur/inthebox-kasur-200x200.jpg
515Wx515H  ; media-kasur200-thumbnail                 ; $siteResource/images/product/intheboxKasur/kasur/inthebox-kasur-200x200.jpg
300Wx300H  ; media-kasur200-detail                    ; $siteResource/images/product/intheboxKasur/kasur/inthebox-kasur-200x200.jpg
96Wx96H    ; media-kasur200-other                     ; $siteResource/images/product/intheboxKasur/kasur/inthebox-kasur-200x200.jpg
65Wx65H    ; media-kasur200-normal                    ; $siteResource/images/product/intheboxKasur/kasur/inthebox-kasur-200x200.jpg
30Wx30H    ; media-kasur200-thumbnails                ; $siteResource/images/product/intheboxKasur/kasur/inthebox-kasur-200x200.jpg
1200Wx1200H; media-legacyCollection90-picture         ; $siteResource/images/product/intheboxKasur/legacyCollection/inthebox-legacyCollection-90x200.jpg
515Wx515H  ; media-legacyCollection90-thumbnail       ; $siteResource/images/product/intheboxKasur/legacyCollection/inthebox-legacyCollection-90x200.jpg
300Wx300H  ; media-legacyCollection90-detail          ; $siteResource/images/product/intheboxKasur/legacyCollection/inthebox-legacyCollection-90x200.jpg
96Wx96H    ; media-legacyCollection90-other           ; $siteResource/images/product/intheboxKasur/legacyCollection/inthebox-legacyCollection-90x200.jpg
65Wx65H    ; media-legacyCollection90-normal          ; $siteResource/images/product/intheboxKasur/legacyCollection/inthebox-legacyCollection-90x200.jpg
30Wx30H    ; media-legacyCollection90-thumbnails      ; $siteResource/images/product/intheboxKasur/legacyCollection/inthebox-legacyCollection-90x200.jpg
1200Wx1200H; media-legacyCollection100-picture        ; $siteResource/images/product/intheboxKasur/legacyCollection/inthebox-legacyCollection-100x200.jpg
515Wx515H  ; media-legacyCollection100-thumbnail      ; $siteResource/images/product/intheboxKasur/legacyCollection/inthebox-legacyCollection-100x200.jpg
300Wx300H  ; media-legacyCollection100-detail         ; $siteResource/images/product/intheboxKasur/legacyCollection/inthebox-legacyCollection-100x200.jpg
96Wx96H    ; media-legacyCollection100-other          ; $siteResource/images/product/intheboxKasur/legacyCollection/inthebox-legacyCollection-100x200.jpg
65Wx65H    ; media-legacyCollection100-normal         ; $siteResource/images/product/intheboxKasur/legacyCollection/inthebox-legacyCollection-100x200.jpg
30Wx30H    ; media-legacyCollection100-thumbnails     ; $siteResource/images/product/intheboxKasur/legacyCollection/inthebox-legacyCollection-100x200.jpg
1200Wx1200H; media-legacyCollection120-picture        ; $siteResource/images/product/intheboxKasur/legacyCollection/inthebox-legacyCollection-120x200.jpg
515Wx515H  ; media-legacyCollection120-thumbnail      ; $siteResource/images/product/intheboxKasur/legacyCollection/inthebox-legacyCollection-120x200.jpg
300Wx300H  ; media-legacyCollection120-detail         ; $siteResource/images/product/intheboxKasur/legacyCollection/inthebox-legacyCollection-120x200.jpg
96Wx96H    ; media-legacyCollection120-other          ; $siteResource/images/product/intheboxKasur/legacyCollection/inthebox-legacyCollection-120x200.jpg
65Wx65H    ; media-legacyCollection120-normal         ; $siteResource/images/product/intheboxKasur/legacyCollection/inthebox-legacyCollection-120x200.jpg
30Wx30H    ; media-legacyCollection120-thumbnails     ; $siteResource/images/product/intheboxKasur/legacyCollection/inthebox-legacyCollection-120x200.jpg
1200Wx1200H; media-legacyCollection140-picture        ; $siteResource/images/product/intheboxKasur/legacyCollection/inthebox-legacyCollection-140x200.jpg
515Wx515H  ; media-legacyCollection140-thumbnail      ; $siteResource/images/product/intheboxKasur/legacyCollection/inthebox-legacyCollection-140x200.jpg
300Wx300H  ; media-legacyCollection140-detail         ; $siteResource/images/product/intheboxKasur/legacyCollection/inthebox-legacyCollection-140x200.jpg
96Wx96H    ; media-legacyCollection140-other          ; $siteResource/images/product/intheboxKasur/legacyCollection/inthebox-legacyCollection-140x200.jpg
65Wx65H    ; media-legacyCollection140-normal         ; $siteResource/images/product/intheboxKasur/legacyCollection/inthebox-legacyCollection-140x200.jpg
30Wx30H    ; media-legacyCollection140-thumbnails     ; $siteResource/images/product/intheboxKasur/legacyCollection/inthebox-legacyCollection-140x200.jpg
1200Wx1200H; media-legacyCollection160-picture        ; $siteResource/images/product/intheboxKasur/legacyCollection/inthebox-legacyCollection-160x200.jpg
515Wx515H  ; media-legacyCollection160-thumbnail      ; $siteResource/images/product/intheboxKasur/legacyCollection/inthebox-legacyCollection-160x200.jpg
300Wx300H  ; media-legacyCollection160-detail         ; $siteResource/images/product/intheboxKasur/legacyCollection/inthebox-legacyCollection-160x200.jpg
96Wx96H    ; media-legacyCollection160-other          ; $siteResource/images/product/intheboxKasur/legacyCollection/inthebox-legacyCollection-160x200.jpg
65Wx65H    ; media-legacyCollection160-normal         ; $siteResource/images/product/intheboxKasur/legacyCollection/inthebox-legacyCollection-160x200.jpg
30Wx30H    ; media-legacyCollection160-thumbnails     ; $siteResource/images/product/intheboxKasur/legacyCollection/inthebox-legacyCollection-160x200.jpg
1200Wx1200H; media-legacyCollection180-picture        ; $siteResource/images/product/intheboxKasur/legacyCollection/inthebox-legacyCollection-180x200.jpg
515Wx515H  ; media-legacyCollection180-thumbnail      ; $siteResource/images/product/intheboxKasur/legacyCollection/inthebox-legacyCollection-180x200.jpg
300Wx300H  ; media-legacyCollection180-detail         ; $siteResource/images/product/intheboxKasur/legacyCollection/inthebox-legacyCollection-180x200.jpg
96Wx96H    ; media-legacyCollection180-other          ; $siteResource/images/product/intheboxKasur/legacyCollection/inthebox-legacyCollection-180x200.jpg
65Wx65H    ; media-legacyCollection180-normal         ; $siteResource/images/product/intheboxKasur/legacyCollection/inthebox-legacyCollection-180x200.jpg
30Wx30H    ; media-legacyCollection180-thumbnails     ; $siteResource/images/product/intheboxKasur/legacyCollection/inthebox-legacyCollection-180x200.jpg
1200Wx1200H; media-legacyCollection200-picture        ; $siteResource/images/product/intheboxKasur/legacyCollection/inthebox-legacyCollection-200x200.jpg
515Wx515H  ; media-legacyCollection200-thumbnail      ; $siteResource/images/product/intheboxKasur/legacyCollection/inthebox-legacyCollection-200x200.jpg
300Wx300H  ; media-legacyCollection200-detail         ; $siteResource/images/product/intheboxKasur/legacyCollection/inthebox-legacyCollection-200x200.jpg
96Wx96H    ; media-legacyCollection200-other          ; $siteResource/images/product/intheboxKasur/legacyCollection/inthebox-legacyCollection-200x200.jpg
65Wx65H    ; media-legacyCollection200-normal         ; $siteResource/images/product/intheboxKasur/legacyCollection/inthebox-legacyCollection-200x200.jpg
30Wx30H    ; media-legacyCollection200-thumbnails     ; $siteResource/images/product/intheboxKasur/legacyCollection/inthebox-legacyCollection-200x200.jpg
1200Wx1200H; media-legacyCollectionPlush90-picture    ; $siteResource/images/product/intheboxKasur/legacyCollectionPlush/inthebox-legacyCollectionPlush-90x200.jpg
515Wx515H  ; media-legacyCollectionPlush90-thumbnail  ; $siteResource/images/product/intheboxKasur/legacyCollectionPlush/inthebox-legacyCollectionPlush-90x200.jpg
300Wx300H  ; media-legacyCollectionPlush90-detail     ; $siteResource/images/product/intheboxKasur/legacyCollectionPlush/inthebox-legacyCollectionPlush-90x200.jpg
96Wx96H    ; media-legacyCollectionPlush90-other      ; $siteResource/images/product/intheboxKasur/legacyCollectionPlush/inthebox-legacyCollectionPlush-90x200.jpg
65Wx65H    ; media-legacyCollectionPlush90-normal     ; $siteResource/images/product/intheboxKasur/legacyCollectionPlush/inthebox-legacyCollectionPlush-90x200.jpg
30Wx30H    ; media-legacyCollectionPlush90-thumbnails ; $siteResource/images/product/intheboxKasur/legacyCollectionPlush/inthebox-legacyCollectionPlush-90x200.jpg
1200Wx1200H; media-legacyCollectionPlush100-picture   ; $siteResource/images/product/intheboxKasur/legacyCollectionPlush/inthebox-legacyCollectionPlush-100x200.jpg
515Wx515H  ; media-legacyCollectionPlush100-thumbnail ; $siteResource/images/product/intheboxKasur/legacyCollectionPlush/inthebox-legacyCollectionPlush-100x200.jpg
300Wx300H  ; media-legacyCollectionPlush100-detail    ; $siteResource/images/product/intheboxKasur/legacyCollectionPlush/inthebox-legacyCollectionPlush-100x200.jpg
96Wx96H    ; media-legacyCollectionPlush100-other     ; $siteResource/images/product/intheboxKasur/legacyCollectionPlush/inthebox-legacyCollectionPlush-100x200.jpg
65Wx65H    ; media-legacyCollectionPlush100-normal    ; $siteResource/images/product/intheboxKasur/legacyCollectionPlush/inthebox-legacyCollectionPlush-100x200.jpg
30Wx30H    ; media-legacyCollectionPlush100-thumbnails; $siteResource/images/product/intheboxKasur/legacyCollectionPlush/inthebox-legacyCollectionPlush-100x200.jpg
1200Wx1200H; media-legacyCollectionPlush120-picture   ; $siteResource/images/product/intheboxKasur/legacyCollectionPlush/inthebox-legacyCollectionPlush-120x200.jpg
515Wx515H  ; media-legacyCollectionPlush120-thumbnail ; $siteResource/images/product/intheboxKasur/legacyCollectionPlush/inthebox-legacyCollectionPlush-120x200.jpg
300Wx300H  ; media-legacyCollectionPlush120-detail    ; $siteResource/images/product/intheboxKasur/legacyCollectionPlush/inthebox-legacyCollectionPlush-120x200.jpg
96Wx96H    ; media-legacyCollectionPlush120-other     ; $siteResource/images/product/intheboxKasur/legacyCollectionPlush/inthebox-legacyCollectionPlush-120x200.jpg
65Wx65H    ; media-legacyCollectionPlush120-normal    ; $siteResource/images/product/intheboxKasur/legacyCollectionPlush/inthebox-legacyCollectionPlush-120x200.jpg
30Wx30H    ; media-legacyCollectionPlush120-thumbnails; $siteResource/images/product/intheboxKasur/legacyCollectionPlush/inthebox-legacyCollectionPlush-120x200.jpg
1200Wx1200H; media-legacyCollectionPlush140-picture   ; $siteResource/images/product/intheboxKasur/legacyCollectionPlush/inthebox-legacyCollectionPlush-140x200.jpg
515Wx515H  ; media-legacyCollectionPlush140-thumbnail ; $siteResource/images/product/intheboxKasur/legacyCollectionPlush/inthebox-legacyCollectionPlush-140x200.jpg
300Wx300H  ; media-legacyCollectionPlush140-detail    ; $siteResource/images/product/intheboxKasur/legacyCollectionPlush/inthebox-legacyCollectionPlush-140x200.jpg
96Wx96H    ; media-legacyCollectionPlush140-other     ; $siteResource/images/product/intheboxKasur/legacyCollectionPlush/inthebox-legacyCollectionPlush-140x200.jpg
65Wx65H    ; media-legacyCollectionPlush140-normal    ; $siteResource/images/product/intheboxKasur/legacyCollectionPlush/inthebox-legacyCollectionPlush-140x200.jpg
30Wx30H    ; media-legacyCollectionPlush140-thumbnails; $siteResource/images/product/intheboxKasur/legacyCollectionPlush/inthebox-legacyCollectionPlush-140x200.jpg
1200Wx1200H; media-legacyCollectionPlush160-picture   ; $siteResource/images/product/intheboxKasur/legacyCollectionPlush/inthebox-legacyCollectionPlush-160x200.jpg
515Wx515H  ; media-legacyCollectionPlush160-thumbnail ; $siteResource/images/product/intheboxKasur/legacyCollectionPlush/inthebox-legacyCollectionPlush-160x200.jpg
300Wx300H  ; media-legacyCollectionPlush160-detail    ; $siteResource/images/product/intheboxKasur/legacyCollectionPlush/inthebox-legacyCollectionPlush-160x200.jpg
96Wx96H    ; media-legacyCollectionPlush160-other     ; $siteResource/images/product/intheboxKasur/legacyCollectionPlush/inthebox-legacyCollectionPlush-160x200.jpg
65Wx65H    ; media-legacyCollectionPlush160-normal    ; $siteResource/images/product/intheboxKasur/legacyCollectionPlush/inthebox-legacyCollectionPlush-160x200.jpg
30Wx30H    ; media-legacyCollectionPlush160-thumbnails; $siteResource/images/product/intheboxKasur/legacyCollectionPlush/inthebox-legacyCollectionPlush-160x200.jpg
1200Wx1200H; media-legacyCollectionPlush180-picture   ; $siteResource/images/product/intheboxKasur/legacyCollectionPlush/inthebox-legacyCollectionPlush-180x200.jpg
515Wx515H  ; media-legacyCollectionPlush180-thumbnail ; $siteResource/images/product/intheboxKasur/legacyCollectionPlush/inthebox-legacyCollectionPlush-180x200.jpg
300Wx300H  ; media-legacyCollectionPlush180-detail    ; $siteResource/images/product/intheboxKasur/legacyCollectionPlush/inthebox-legacyCollectionPlush-180x200.jpg
96Wx96H    ; media-legacyCollectionPlush180-other     ; $siteResource/images/product/intheboxKasur/legacyCollectionPlush/inthebox-legacyCollectionPlush-180x200.jpg
65Wx65H    ; media-legacyCollectionPlush180-normal    ; $siteResource/images/product/intheboxKasur/legacyCollectionPlush/inthebox-legacyCollectionPlush-180x200.jpg
30Wx30H    ; media-legacyCollectionPlush180-thumbnails; $siteResource/images/product/intheboxKasur/legacyCollectionPlush/inthebox-legacyCollectionPlush-180x200.jpg
1200Wx1200H; media-legacyCollectionPlush200-picture   ; $siteResource/images/product/intheboxKasur/legacyCollectionPlush/inthebox-legacyCollectionPlush-200x200.jpg
515Wx515H  ; media-legacyCollectionPlush200-thumbnail ; $siteResource/images/product/intheboxKasur/legacyCollectionPlush/inthebox-legacyCollectionPlush-200x200.jpg
300Wx300H  ; media-legacyCollectionPlush200-detail    ; $siteResource/images/product/intheboxKasur/legacyCollectionPlush/inthebox-legacyCollectionPlush-200x200.jpg
96Wx96H    ; media-legacyCollectionPlush200-other     ; $siteResource/images/product/intheboxKasur/legacyCollectionPlush/inthebox-legacyCollectionPlush-200x200.jpg
65Wx65H    ; media-legacyCollectionPlush200-normal    ; $siteResource/images/product/intheboxKasur/legacyCollectionPlush/inthebox-legacyCollectionPlush-200x200.jpg
30Wx30H    ; media-legacyCollectionPlush200-thumbnails; $siteResource/images/product/intheboxKasur/legacyCollectionPlush/inthebox-legacyCollectionPlush-200x200.jpg
1200Wx1200H; media-organixHybrid90-picture            ; $siteResource/images/product/intheboxKasur/organixHybrid/inthebox-organixHybrid-90x200.jpg
515Wx515H  ; media-organixHybrid90-thumbnail          ; $siteResource/images/product/intheboxKasur/organixHybrid/inthebox-organixHybrid-90x200.jpg
300Wx300H  ; media-organixHybrid90-detail             ; $siteResource/images/product/intheboxKasur/organixHybrid/inthebox-organixHybrid-90x200.jpg
96Wx96H    ; media-organixHybrid90-other              ; $siteResource/images/product/intheboxKasur/organixHybrid/inthebox-organixHybrid-90x200.jpg
65Wx65H    ; media-organixHybrid90-normal             ; $siteResource/images/product/intheboxKasur/organixHybrid/inthebox-organixHybrid-90x200.jpg
30Wx30H    ; media-organixHybrid90-thumbnails         ; $siteResource/images/product/intheboxKasur/organixHybrid/inthebox-organixHybrid-90x200.jpg
1200Wx1200H; media-organixHybrid100-picture           ; $siteResource/images/product/intheboxKasur/organixHybrid/inthebox-organixHybrid-100x200.jpg
515Wx515H  ; media-organixHybrid100-thumbnail         ; $siteResource/images/product/intheboxKasur/organixHybrid/inthebox-organixHybrid-100x200.jpg
300Wx300H  ; media-organixHybrid100-detail            ; $siteResource/images/product/intheboxKasur/organixHybrid/inthebox-organixHybrid-100x200.jpg
96Wx96H    ; media-organixHybrid100-other             ; $siteResource/images/product/intheboxKasur/organixHybrid/inthebox-organixHybrid-100x200.jpg
65Wx65H    ; media-organixHybrid100-normal            ; $siteResource/images/product/intheboxKasur/organixHybrid/inthebox-organixHybrid-100x200.jpg
30Wx30H    ; media-organixHybrid100-thumbnails        ; $siteResource/images/product/intheboxKasur/organixHybrid/inthebox-organixHybrid-100x200.jpg
1200Wx1200H; media-organixHybrid120-picture           ; $siteResource/images/product/intheboxKasur/organixHybrid/inthebox-organixHybrid-120x200.jpg
515Wx515H  ; media-organixHybrid120-thumbnail         ; $siteResource/images/product/intheboxKasur/organixHybrid/inthebox-organixHybrid-120x200.jpg
300Wx300H  ; media-organixHybrid120-detail            ; $siteResource/images/product/intheboxKasur/organixHybrid/inthebox-organixHybrid-120x200.jpg
96Wx96H    ; media-organixHybrid120-other             ; $siteResource/images/product/intheboxKasur/organixHybrid/inthebox-organixHybrid-120x200.jpg
65Wx65H    ; media-organixHybrid120-normal            ; $siteResource/images/product/intheboxKasur/organixHybrid/inthebox-organixHybrid-120x200.jpg
30Wx30H    ; media-organixHybrid120-thumbnails        ; $siteResource/images/product/intheboxKasur/organixHybrid/inthebox-organixHybrid-120x200.jpg
1200Wx1200H; media-organixHybrid140-picture           ; $siteResource/images/product/intheboxKasur/organixHybrid/inthebox-organixHybrid-140x200.jpg
515Wx515H  ; media-organixHybrid140-thumbnail         ; $siteResource/images/product/intheboxKasur/organixHybrid/inthebox-organixHybrid-140x200.jpg
300Wx300H  ; media-organixHybrid140-detail            ; $siteResource/images/product/intheboxKasur/organixHybrid/inthebox-organixHybrid-140x200.jpg
96Wx96H    ; media-organixHybrid140-other             ; $siteResource/images/product/intheboxKasur/organixHybrid/inthebox-organixHybrid-140x200.jpg
65Wx65H    ; media-organixHybrid140-normal            ; $siteResource/images/product/intheboxKasur/organixHybrid/inthebox-organixHybrid-140x200.jpg
30Wx30H    ; media-organixHybrid140-thumbnails        ; $siteResource/images/product/intheboxKasur/organixHybrid/inthebox-organixHybrid-140x200.jpg
1200Wx1200H; media-organixHybrid160-picture           ; $siteResource/images/product/intheboxKasur/organixHybrid/inthebox-organixHybrid-160x200.jpg
515Wx515H  ; media-organixHybrid160-thumbnail         ; $siteResource/images/product/intheboxKasur/organixHybrid/inthebox-organixHybrid-160x200.jpg
300Wx300H  ; media-organixHybrid160-detail            ; $siteResource/images/product/intheboxKasur/organixHybrid/inthebox-organixHybrid-160x200.jpg
96Wx96H    ; media-organixHybrid160-other             ; $siteResource/images/product/intheboxKasur/organixHybrid/inthebox-organixHybrid-160x200.jpg
65Wx65H    ; media-organixHybrid160-normal            ; $siteResource/images/product/intheboxKasur/organixHybrid/inthebox-organixHybrid-160x200.jpg
30Wx30H    ; media-organixHybrid160-thumbnails        ; $siteResource/images/product/intheboxKasur/organixHybrid/inthebox-organixHybrid-160x200.jpg
1200Wx1200H; media-organixHybrid180-picture           ; $siteResource/images/product/intheboxKasur/organixHybrid/inthebox-organixHybrid-180x200.jpg
515Wx515H  ; media-organixHybrid180-thumbnail         ; $siteResource/images/product/intheboxKasur/organixHybrid/inthebox-organixHybrid-180x200.jpg
300Wx300H  ; media-organixHybrid180-detail            ; $siteResource/images/product/intheboxKasur/organixHybrid/inthebox-organixHybrid-180x200.jpg
96Wx96H    ; media-organixHybrid180-other             ; $siteResource/images/product/intheboxKasur/organixHybrid/inthebox-organixHybrid-180x200.jpg
65Wx65H    ; media-organixHybrid180-normal            ; $siteResource/images/product/intheboxKasur/organixHybrid/inthebox-organixHybrid-180x200.jpg
30Wx30H    ; media-organixHybrid180-thumbnails        ; $siteResource/images/product/intheboxKasur/organixHybrid/inthebox-organixHybrid-180x200.jpg
1200Wx1200H; media-organixHybrid200-picture           ; $siteResource/images/product/intheboxKasur/organixHybrid/inthebox-organixHybrid-200x200.jpg
515Wx515H  ; media-organixHybrid200-thumbnail         ; $siteResource/images/product/intheboxKasur/organixHybrid/inthebox-organixHybrid-200x200.jpg
300Wx300H  ; media-organixHybrid200-detail            ; $siteResource/images/product/intheboxKasur/organixHybrid/inthebox-organixHybrid-200x200.jpg
96Wx96H    ; media-organixHybrid200-other             ; $siteResource/images/product/intheboxKasur/organixHybrid/inthebox-organixHybrid-200x200.jpg
65Wx65H    ; media-organixHybrid200-normal            ; $siteResource/images/product/intheboxKasur/organixHybrid/inthebox-organixHybrid-200x200.jpg
30Wx30H    ; media-organixHybrid200-thumbnails        ; $siteResource/images/product/intheboxKasur/organixHybrid/inthebox-organixHybrid-200x200.jpg
1200Wx1200H; media-organixLite90-picture              ; $siteResource/images/product/intheboxKasur/organixLite/inthebox-organixLite-90x200.jpg
515Wx515H  ; media-organixLite90-thumbnail            ; $siteResource/images/product/intheboxKasur/organixLite/inthebox-organixLite-90x200.jpg
300Wx300H  ; media-organixLite90-detail               ; $siteResource/images/product/intheboxKasur/organixLite/inthebox-organixLite-90x200.jpg
96Wx96H    ; media-organixLite90-other                ; $siteResource/images/product/intheboxKasur/organixLite/inthebox-organixLite-90x200.jpg
65Wx65H    ; media-organixLite90-normal               ; $siteResource/images/product/intheboxKasur/organixLite/inthebox-organixLite-90x200.jpg
30Wx30H    ; media-organixLite90-thumbnails           ; $siteResource/images/product/intheboxKasur/organixLite/inthebox-organixLite-90x200.jpg
1200Wx1200H; media-organixLite100-picture             ; $siteResource/images/product/intheboxKasur/organixLite/inthebox-organixLite-100x200.jpg
515Wx515H  ; media-organixLite100-thumbnail           ; $siteResource/images/product/intheboxKasur/organixLite/inthebox-organixLite-100x200.jpg
300Wx300H  ; media-organixLite100-detail              ; $siteResource/images/product/intheboxKasur/organixLite/inthebox-organixLite-100x200.jpg
96Wx96H    ; media-organixLite100-other               ; $siteResource/images/product/intheboxKasur/organixLite/inthebox-organixLite-100x200.jpg
65Wx65H    ; media-organixLite100-normal              ; $siteResource/images/product/intheboxKasur/organixLite/inthebox-organixLite-100x200.jpg
30Wx30H    ; media-organixLite100-thumbnails          ; $siteResource/images/product/intheboxKasur/organixLite/inthebox-organixLite-100x200.jpg
1200Wx1200H; media-organixLite120-picture             ; $siteResource/images/product/intheboxKasur/organixLite/inthebox-organixLite-120x200.jpg
515Wx515H  ; media-organixLite120-thumbnail           ; $siteResource/images/product/intheboxKasur/organixLite/inthebox-organixLite-120x200.jpg
300Wx300H  ; media-organixLite120-detail              ; $siteResource/images/product/intheboxKasur/organixLite/inthebox-organixLite-120x200.jpg
96Wx96H    ; media-organixLite120-other               ; $siteResource/images/product/intheboxKasur/organixLite/inthebox-organixLite-120x200.jpg
65Wx65H    ; media-organixLite120-normal              ; $siteResource/images/product/intheboxKasur/organixLite/inthebox-organixLite-120x200.jpg
30Wx30H    ; media-organixLite120-thumbnails          ; $siteResource/images/product/intheboxKasur/organixLite/inthebox-organixLite-120x200.jpg
1200Wx1200H; media-organixLite140-picture             ; $siteResource/images/product/intheboxKasur/organixLite/inthebox-organixLite-140x200.jpg
515Wx515H  ; media-organixLite140-thumbnail           ; $siteResource/images/product/intheboxKasur/organixLite/inthebox-organixLite-140x200.jpg
300Wx300H  ; media-organixLite140-detail              ; $siteResource/images/product/intheboxKasur/organixLite/inthebox-organixLite-140x200.jpg
96Wx96H    ; media-organixLite140-other               ; $siteResource/images/product/intheboxKasur/organixLite/inthebox-organixLite-140x200.jpg
65Wx65H    ; media-organixLite140-normal              ; $siteResource/images/product/intheboxKasur/organixLite/inthebox-organixLite-140x200.jpg
30Wx30H    ; media-organixLite140-thumbnails          ; $siteResource/images/product/intheboxKasur/organixLite/inthebox-organixLite-140x200.jpg
1200Wx1200H; media-organixLite160-picture             ; $siteResource/images/product/intheboxKasur/organixLite/inthebox-organixLite-160x200.jpg
515Wx515H  ; media-organixLite160-thumbnail           ; $siteResource/images/product/intheboxKasur/organixLite/inthebox-organixLite-160x200.jpg
300Wx300H  ; media-organixLite160-detail              ; $siteResource/images/product/intheboxKasur/organixLite/inthebox-organixLite-160x200.jpg
96Wx96H    ; media-organixLite160-other               ; $siteResource/images/product/intheboxKasur/organixLite/inthebox-organixLite-160x200.jpg
65Wx65H    ; media-organixLite160-normal              ; $siteResource/images/product/intheboxKasur/organixLite/inthebox-organixLite-160x200.jpg
30Wx30H    ; media-organixLite160-thumbnails          ; $siteResource/images/product/intheboxKasur/organixLite/inthebox-organixLite-160x200.jpg
1200Wx1200H; media-organixLite180-picture             ; $siteResource/images/product/intheboxKasur/organixLite/inthebox-organixLite-180x200.jpg
515Wx515H  ; media-organixLite180-thumbnail           ; $siteResource/images/product/intheboxKasur/organixLite/inthebox-organixLite-180x200.jpg
300Wx300H  ; media-organixLite180-detail              ; $siteResource/images/product/intheboxKasur/organixLite/inthebox-organixLite-180x200.jpg
96Wx96H    ; media-organixLite180-other               ; $siteResource/images/product/intheboxKasur/organixLite/inthebox-organixLite-180x200.jpg
65Wx65H    ; media-organixLite180-normal              ; $siteResource/images/product/intheboxKasur/organixLite/inthebox-organixLite-180x200.jpg
30Wx30H    ; media-organixLite180-thumbnails          ; $siteResource/images/product/intheboxKasur/organixLite/inthebox-organixLite-180x200.jpg
1200Wx1200H; media-organixLite200-picture             ; $siteResource/images/product/intheboxKasur/organixLite/inthebox-organixLite-200x200.jpg
515Wx515H  ; media-organixLite200-thumbnail           ; $siteResource/images/product/intheboxKasur/organixLite/inthebox-organixLite-200x200.jpg
300Wx300H  ; media-organixLite200-detail              ; $siteResource/images/product/intheboxKasur/organixLite/inthebox-organixLite-200x200.jpg
96Wx96H    ; media-organixLite200-other               ; $siteResource/images/product/intheboxKasur/organixLite/inthebox-organixLite-200x200.jpg
65Wx65H    ; media-organixLite200-normal              ; $siteResource/images/product/intheboxKasur/organixLite/inthebox-organixLite-200x200.jpg
30Wx30H    ; media-organixLite200-thumbnails          ; $siteResource/images/product/intheboxKasur/organixLite/inthebox-organixLite-200x200.jpg
1200Wx1200H; media-organixPlush90-picture             ; $siteResource/images/product/intheboxKasur/organixPlush/inthebox-organixPlush-90x200.jpg
515Wx515H  ; media-organixPlush90-thumbnail           ; $siteResource/images/product/intheboxKasur/organixPlush/inthebox-organixPlush-90x200.jpg
300Wx300H  ; media-organixPlush90-detail              ; $siteResource/images/product/intheboxKasur/organixPlush/inthebox-organixPlush-90x200.jpg
96Wx96H    ; media-organixPlush90-other               ; $siteResource/images/product/intheboxKasur/organixPlush/inthebox-organixPlush-90x200.jpg
65Wx65H    ; media-organixPlush90-normal              ; $siteResource/images/product/intheboxKasur/organixPlush/inthebox-organixPlush-90x200.jpg
30Wx30H    ; media-organixPlush90-thumbnails          ; $siteResource/images/product/intheboxKasur/organixPlush/inthebox-organixPlush-90x200.jpg
1200Wx1200H; media-organixPlush100-picture            ; $siteResource/images/product/intheboxKasur/organixPlush/inthebox-organixPlush-100x200.jpg
515Wx515H  ; media-organixPlush100-thumbnail          ; $siteResource/images/product/intheboxKasur/organixPlush/inthebox-organixPlush-100x200.jpg
300Wx300H  ; media-organixPlush100-detail             ; $siteResource/images/product/intheboxKasur/organixPlush/inthebox-organixPlush-100x200.jpg
96Wx96H    ; media-organixPlush100-other              ; $siteResource/images/product/intheboxKasur/organixPlush/inthebox-organixPlush-100x200.jpg
65Wx65H    ; media-organixPlush100-normal             ; $siteResource/images/product/intheboxKasur/organixPlush/inthebox-organixPlush-100x200.jpg
30Wx30H    ; media-organixPlush100-thumbnails         ; $siteResource/images/product/intheboxKasur/organixPlush/inthebox-organixPlush-100x200.jpg
1200Wx1200H; media-organixPlush120-picture            ; $siteResource/images/product/intheboxKasur/organixPlush/inthebox-organixPlush-120x200.jpg
515Wx515H  ; media-organixPlush120-thumbnail          ; $siteResource/images/product/intheboxKasur/organixPlush/inthebox-organixPlush-120x200.jpg
300Wx300H  ; media-organixPlush120-detail             ; $siteResource/images/product/intheboxKasur/organixPlush/inthebox-organixPlush-120x200.jpg
96Wx96H    ; media-organixPlush120-other              ; $siteResource/images/product/intheboxKasur/organixPlush/inthebox-organixPlush-120x200.jpg
65Wx65H    ; media-organixPlush120-normal             ; $siteResource/images/product/intheboxKasur/organixPlush/inthebox-organixPlush-120x200.jpg
30Wx30H    ; media-organixPlush120-thumbnails         ; $siteResource/images/product/intheboxKasur/organixPlush/inthebox-organixPlush-120x200.jpg
1200Wx1200H; media-organixPlush140-picture            ; $siteResource/images/product/intheboxKasur/organixPlush/inthebox-organixPlush-140x200.jpg
515Wx515H  ; media-organixPlush140-thumbnail          ; $siteResource/images/product/intheboxKasur/organixPlush/inthebox-organixPlush-140x200.jpg
300Wx300H  ; media-organixPlush140-detail             ; $siteResource/images/product/intheboxKasur/organixPlush/inthebox-organixPlush-140x200.jpg
96Wx96H    ; media-organixPlush140-other              ; $siteResource/images/product/intheboxKasur/organixPlush/inthebox-organixPlush-140x200.jpg
65Wx65H    ; media-organixPlush140-normal             ; $siteResource/images/product/intheboxKasur/organixPlush/inthebox-organixPlush-140x200.jpg
30Wx30H    ; media-organixPlush140-thumbnails         ; $siteResource/images/product/intheboxKasur/organixPlush/inthebox-organixPlush-140x200.jpg
1200Wx1200H; media-organixPlush160-picture            ; $siteResource/images/product/intheboxKasur/organixPlush/inthebox-organixPlush-160x200.jpg
515Wx515H  ; media-organixPlush160-thumbnail          ; $siteResource/images/product/intheboxKasur/organixPlush/inthebox-organixPlush-160x200.jpg
300Wx300H  ; media-organixPlush160-detail             ; $siteResource/images/product/intheboxKasur/organixPlush/inthebox-organixPlush-160x200.jpg
96Wx96H    ; media-organixPlush160-other              ; $siteResource/images/product/intheboxKasur/organixPlush/inthebox-organixPlush-160x200.jpg
65Wx65H    ; media-organixPlush160-normal             ; $siteResource/images/product/intheboxKasur/organixPlush/inthebox-organixPlush-160x200.jpg
30Wx30H    ; media-organixPlush160-thumbnails         ; $siteResource/images/product/intheboxKasur/organixPlush/inthebox-organixPlush-160x200.jpg
1200Wx1200H; media-organixPlush180-picture            ; $siteResource/images/product/intheboxKasur/organixPlush/inthebox-organixPlush-180x200.jpg
515Wx515H  ; media-organixPlush180-thumbnail          ; $siteResource/images/product/intheboxKasur/organixPlush/inthebox-organixPlush-180x200.jpg
300Wx300H  ; media-organixPlush180-detail             ; $siteResource/images/product/intheboxKasur/organixPlush/inthebox-organixPlush-180x200.jpg
96Wx96H    ; media-organixPlush180-other              ; $siteResource/images/product/intheboxKasur/organixPlush/inthebox-organixPlush-180x200.jpg
65Wx65H    ; media-organixPlush180-normal             ; $siteResource/images/product/intheboxKasur/organixPlush/inthebox-organixPlush-180x200.jpg
30Wx30H    ; media-organixPlush180-thumbnails         ; $siteResource/images/product/intheboxKasur/organixPlush/inthebox-organixPlush-180x200.jpg
1200Wx1200H; media-organixPlush200-picture            ; $siteResource/images/product/intheboxKasur/organixPlush/inthebox-organixPlush-200x200.jpg
515Wx515H  ; media-organixPlush200-thumbnail          ; $siteResource/images/product/intheboxKasur/organixPlush/inthebox-organixPlush-200x200.jpg
300Wx300H  ; media-organixPlush200-detail             ; $siteResource/images/product/intheboxKasur/organixPlush/inthebox-organixPlush-200x200.jpg
96Wx96H    ; media-organixPlush200-other              ; $siteResource/images/product/intheboxKasur/organixPlush/inthebox-organixPlush-200x200.jpg
65Wx65H    ; media-organixPlush200-normal             ; $siteResource/images/product/intheboxKasur/organixPlush/inthebox-organixPlush-200x200.jpg
30Wx30H    ; media-organixPlush200-thumbnails         ; $siteResource/images/product/intheboxKasur/organixPlush/inthebox-organixPlush-200x200.jpg
1200Wx1200H; media-plush90-picture                    ; $siteResource/images/product/intheboxKasur/plus/inthebox-plus-90x200.jpg
515Wx515H  ; media-plush90-thumbnail                  ; $siteResource/images/product/intheboxKasur/plus/inthebox-plus-90x200.jpg
300Wx300H  ; media-plush90-detail                     ; $siteResource/images/product/intheboxKasur/plus/inthebox-plus-90x200.jpg
96Wx96H    ; media-plush90-other                      ; $siteResource/images/product/intheboxKasur/plus/inthebox-plus-90x200.jpg
65Wx65H    ; media-plush90-normal                     ; $siteResource/images/product/intheboxKasur/plus/inthebox-plus-90x200.jpg
30Wx30H    ; media-plush90-thumbnails                 ; $siteResource/images/product/intheboxKasur/plus/inthebox-plus-90x200.jpg
1200Wx1200H; media-plush100-picture                   ; $siteResource/images/product/intheboxKasur/plus/inthebox-plus-100x200.jpg
515Wx515H  ; media-plush100-thumbnail                 ; $siteResource/images/product/intheboxKasur/plus/inthebox-plus-100x200.jpg
300Wx300H  ; media-plush100-detail                    ; $siteResource/images/product/intheboxKasur/plus/inthebox-plus-100x200.jpg
96Wx96H    ; media-plush100-other                     ; $siteResource/images/product/intheboxKasur/plus/inthebox-plus-100x200.jpg
65Wx65H    ; media-plush100-normal                    ; $siteResource/images/product/intheboxKasur/plus/inthebox-plus-100x200.jpg
30Wx30H    ; media-plush100-thumbnails                ; $siteResource/images/product/intheboxKasur/plus/inthebox-plus-100x200.jpg
1200Wx1200H; media-plush120-picture                   ; $siteResource/images/product/intheboxKasur/plus/inthebox-plus-120x200.jpg
515Wx515H  ; media-plush120-thumbnail                 ; $siteResource/images/product/intheboxKasur/plus/inthebox-plus-120x200.jpg
300Wx300H  ; media-plush120-detail                    ; $siteResource/images/product/intheboxKasur/plus/inthebox-plus-120x200.jpg
96Wx96H    ; media-plush120-other                     ; $siteResource/images/product/intheboxKasur/plus/inthebox-plus-120x200.jpg
65Wx65H    ; media-plush120-normal                    ; $siteResource/images/product/intheboxKasur/plus/inthebox-plus-120x200.jpg
30Wx30H    ; media-plush120-thumbnails                ; $siteResource/images/product/intheboxKasur/plus/inthebox-plus-120x200.jpg
1200Wx1200H; media-plush140-picture                   ; $siteResource/images/product/intheboxKasur/plus/inthebox-plus-140x200.jpg
515Wx515H  ; media-plush140-thumbnail                 ; $siteResource/images/product/intheboxKasur/plus/inthebox-plus-140x200.jpg
300Wx300H  ; media-plush140-detail                    ; $siteResource/images/product/intheboxKasur/plus/inthebox-plus-140x200.jpg
96Wx96H    ; media-plush140-other                     ; $siteResource/images/product/intheboxKasur/plus/inthebox-plus-140x200.jpg
65Wx65H    ; media-plush140-normal                    ; $siteResource/images/product/intheboxKasur/plus/inthebox-plus-140x200.jpg
30Wx30H    ; media-plush140-thumbnails                ; $siteResource/images/product/intheboxKasur/plus/inthebox-plus-140x200.jpg
1200Wx1200H; media-plush160-picture                   ; $siteResource/images/product/intheboxKasur/plus/inthebox-plus-160x200.jpg
515Wx515H  ; media-plush160-thumbnail                 ; $siteResource/images/product/intheboxKasur/plus/inthebox-plus-160x200.jpg
300Wx300H  ; media-plush160-detail                    ; $siteResource/images/product/intheboxKasur/plus/inthebox-plus-160x200.jpg
96Wx96H    ; media-plush160-other                     ; $siteResource/images/product/intheboxKasur/plus/inthebox-plus-160x200.jpg
65Wx65H    ; media-plush160-normal                    ; $siteResource/images/product/intheboxKasur/plus/inthebox-plus-160x200.jpg
30Wx30H    ; media-plush160-thumbnails                ; $siteResource/images/product/intheboxKasur/plus/inthebox-plus-160x200.jpg
1200Wx1200H; media-plush180-picture                   ; $siteResource/images/product/intheboxKasur/plus/inthebox-plus-180x200.jpg
515Wx515H  ; media-plush180-thumbnail                 ; $siteResource/images/product/intheboxKasur/plus/inthebox-plus-180x200.jpg
300Wx300H  ; media-plush180-detail                    ; $siteResource/images/product/intheboxKasur/plus/inthebox-plus-180x200.jpg
96Wx96H    ; media-plush180-other                     ; $siteResource/images/product/intheboxKasur/plus/inthebox-plus-180x200.jpg
65Wx65H    ; media-plush180-normal                    ; $siteResource/images/product/intheboxKasur/plus/inthebox-plus-180x200.jpg
30Wx30H    ; media-plush180-thumbnails                ; $siteResource/images/product/intheboxKasur/plus/inthebox-plus-180x200.jpg
1200Wx1200H; media-plush200-picture                   ; $siteResource/images/product/intheboxKasur/plus/inthebox-plus-200x200.jpg
515Wx515H  ; media-plush200-thumbnail                 ; $siteResource/images/product/intheboxKasur/plus/inthebox-plus-200x200.jpg
300Wx300H  ; media-plush200-detail                    ; $siteResource/images/product/intheboxKasur/plus/inthebox-plus-200x200.jpg
96Wx96H    ; media-plush200-other                     ; $siteResource/images/product/intheboxKasur/plus/inthebox-plus-200x200.jpg
65Wx65H    ; media-plush200-normal                    ; $siteResource/images/product/intheboxKasur/plus/inthebox-plus-200x200.jpg
30Wx30H    ; media-plush200-thumbnails                ; $siteResource/images/product/intheboxKasur/plus/inthebox-plus-200x200.jpg